url,domain,status,pages,posizioni_serp_ddg,title,meta_description,h1,h2,lang,termine_autista_dominante,driver_terms,termini_servizio_stranieri,forma_contrattuale_dichiarata,top_terms,subpages,note
https://www.mk-group.co.jp/,www.mk-group.co.jp,ok,5,,MKグループ,京都の観光ツアー、観光ガイドはもちろん、全国8都市、ビジネス・観光・ゴルフ・冠婚葬祭等、様々なシーンで貸切タクシー・ハイヤーをご利用いただけます。全国主要空港の送迎は「空港定額タクシー」が便利でお得！MKタクシーのご注文は配車アプリ「MKタクシースマホ配車」をご利用ください。, | ,札幌MK | 東京MK | 名古屋MK | 滋賀MK | 京都MK | 大阪MK | 関空MK | 神戸MK | 福岡MK | 沖縄MK,ja,ドライバー,"{""ドライバー"": 87, ""乗務員"": 2}","外国語:17, 中文:9, English:6, 英語:1","紹介:25, 派遣:10, 正社員:5, パート:2, アルバイト:2, 月給:1",タクシー:126 観光:114 車種:106 料金:94 質問:85 注意事項:78 ドライバー:75 提携:73 予約:71 tacpo:68 空港定額:67 問合:67 プラン:65 貸切:63 理由:57,https://www.mk-group.co.jp/recruit/ ; https://www.mk-group.co.jp/nagoya/recruit/ ; https://www.mk-group.co.jp/kyoto/plan/driver ; https://www.mk-group.co.jp/kyoto/plan/foreign-language,
https://www.hinomaru.co.jp/,www.hinomaru.co.jp,ok,1,,日の丸リムジングループ,,日の丸リムジングループ, | Announcement お知らせ | HINOMARU LIMOUSINE GROUP | 採用情報,ja,ドライバー,"{""ドライバー"": 1}",,,グループ:4 株式会社:4 リムジングループ:3 情報:3 ホームページ:3 新会社:2 モビリティサービス:2 発足:2 丸自動車:2 リムジン:2 サンズ:2 サービスエリア:2 事業:2 採用情報:2 各社:2,,
https://www.nihon-kotsu.co.jp/,www.nihon-kotsu.co.jp,ok,5,,トップページ | 日本交通株式会社,日本交通株式会社のコーポレートサイトです。日本交通はグループ売上高で日本最大のタクシー・ハイヤー会社です。タクシー、ハイヤー、観光タクシー、陣痛タクシー、キッズタクシーなど、様々な用途に応じたサービスをご案内させて頂きます。,,企業情報 COMPANY | 事業内容 SERVICE | CSR活動・サステナビリティ CSR ACTIVITIES・SUSTAINABILITY | 採用情報 RECRUIT | 新着情報 NEWS,ja,乗務員,"{""ドライバー"": 18, ""乗務員"": 29, ""運転手"": 1, ""driver"": 2}",,"派遣:13, パート:3, 月給:3, 紹介:2, 正社員:1",タクシー:40 ハイヤー:32 活動:29 日本交通:24 乗務員採:24 採用情報:22 事業内容:20 環境:19 企業情報:17 ・サステナビリティ:17 整備士採:17 公表:14 ドライバー:13 派遣:13 快適:13,https://www.nihon-kotsu.co.jp/service/ ; https://www.nihon-kotsu.co.jp/sustainability/workenvironment/mid-career-recruitment/ ; https://www.nihon-kotsu.co.jp/recruit/ ; https://www.nihon-kotsu.co.jp/recruit/mechanic/,
https://nihon-kotsu-hire.jp/,nihon-kotsu-hire.jp,ok,5,ドライバー 紹介 会社 ハイヤー#2 ; ドライバー 紹介 会社 ハイヤー#6,日本交通ハイヤートップ｜ハイヤー業界シェアNo1の日本交通,日本交通は創業90余年、業界シェアNo1タクシー・ハイヤー会社です。日本交通のハイヤーは、東京都内を中心に1日だけのスポット使用から役員車・社用車の年間契約、またドライバーだけの派遣まで、幅広い用途にご利用いただけます。営業所は24時間相談受付、当日予約も可能です。,ハイヤーサービスサイト,CONCEPT | SERVICE | CREW FEATURE | CAR LINEUP | Q&A | NEWS,ja,ドライバー,"{""ドライバー"": 60, ""乗務員"": 36, ""運転手"": 2, ""driver"": 3}",English:9,"派遣:36, 紹介:2",ドライバー:59 日本交通:57 ハイヤー:39 派遣:36 乗務員:34 送迎:32 契約:28 利用:28 ハイヤーサービス:26 特徴:24 予約:19 関西:18 エリア:18 電話:18 ゴルフ:17,https://nihon-kotsu-hire.jp/drivers/ ; https://nihon-kotsu-hire.jp/drivers/management/ ; https://nihon-kotsu-hire.jp/features/ ; https://nihon-kotsu-hire.jp/en/,
https://www.km-taxi.tokyo/,www.km-taxi.tokyo,ok,5,英語対応 ハイヤー 東京#4,東京のタクシー会社| 国際自動車株式会社（kmタクシー）,東京最大手のkmタクシーでお馴染みの国際自動車株式会社です。空港送迎、陣痛タクシー、観光タクシー、ミニバンタクシーなど幅広いタクシーサービスを提供しております。,国際自動車株式会社のタクシーサービス | kmタクシー,タクシー | お客さまの生活に密着した様々なタクシーサービスを提供しています,ja,ドライバー,"{""ドライバー"": 22, ""乗務員"": 4, ""運転手"": 6, ""driver"": 1}","English:14, 外国語:10","紹介:26, パート:5, 派遣:5",タクシー:254 サービス:91 定額:60 予約:54 タクシーアプリ:53 利用:46 マタニティ・マイタクシー:37 羽田空港:37 エリア:36 場合:35 ハイヤー:32 料金:28 紹介:26 ドライバー:22 東京:21,https://www.km-taxi.tokyo/service/ ; https://www.km-taxi.tokyo/service/app.php ; https://www.km-taxi.tokyo/service/haneda-airport.php ; https://www.km-taxi.tokyo/service/maternity.php,
https://www.km-taxi.tokyo/about/bilingual.php,www.km-taxi.tokyo,ok,5,英語対応 ハイヤー 東京#4,タクシードライバー（運転手）の英語・外国語対応（バイリンガルタクシー） | kmタクシーの国際自動車,英語などの外国語を話せるタクシードライバーの予約をすることも可能です。羽田成田空港の送迎や観光タクシーなど併せてご利用いただくことが出来ます。,外国語対応（バイリンガルタクシー）について,外国語対応（バイリンガルタクシー） | ｋｍタクシー今すぐのご利用,ja,ドライバー,"{""ドライバー"": 38, ""乗務員"": 3, ""運転手"": 8}","外国語:20, English:15, 英語:10, 外国人:1","紹介:29, パート:5, 派遣:5",タクシー:335 サービス:89 定額:88 予約:81 東京:64 利用:63 東京観光:61 ハイヤー:49 成田空港:48 観光:48 羽田空港:43 料金:42 場合:39 時間:39 タクシーアプリ:37,https://www.km-taxi.tokyo/service/ ; https://www.km-taxi.tokyo/service/haneda-airport.php ; https://www.km-taxi.tokyo/service/narita-airport.php ; https://www.km-taxi.tokyo/service/tourism.php,
https://tokyo-chauffeur-service.jp/,tokyo-chauffeur-service.jp,ok,3,english speaking driver tokyo#1 ; 英語対応 ハイヤー 東京#2 ; 外国人 送迎 ハイヤー#10,東京ハイヤーサービス | 空港送迎・専属ドライバー付き高級車【TOKYO CHAUFFEUR SERVICE】,成田・羽田空港送迎から都内移動、観光まで。レクサスやアルファードによる専属ドライバー付き高級ハイヤーサービス。英語対応ドライバー常駐、完全予約制。,,サービス | アメニティ一覧 | 基本料金について | 特集 | ユーザーボイス | ニュース,ja,chauffeur,"{""ドライバー"": 1, ""乗務員"": 2, ""chauffeur"": 10, ""driver"": 3}","English:3, english-speaking:1",,service:10 tokyo:8 基本料金:6 ニュース:6 chauffeur:6 pricing:6 news:6 ユーザーボイス:5 サービス:4 特集:4 プラン:4 予約:4 記入:4 選択:4 ride:4,https://tokyo-chauffeur-service.jp/en/ ; https://tokyo-chauffeur-service.jp/contact/,
https://driverjapanservice.com/en,driverjapanservice.com,ok,5,english speaking driver tokyo#2,Home | DRIVER Japan - Premium Chauffeur Service Tokyo | DRIVER Japan Service,"Premium chauffeur service in Tokyo, Japan. Professional drivers, luxury vehicles, and exceptional transportation services for airport transfers, city tours, corporate travel, and special events.","Tokyo, On Your Terms","Explore | Tokyo's most trusted chauffeur. | Ready in three steps. | Premium limousine services in Tokyo | Driving convenience, comfort and confidence | Luxury transport, crafted for comfort | What happy customers say about DRIVER Japan | Tokyo, On Your Terms | Tokyo's most trusted chauffeur. | Ready in three steps.",en,driver,"{""chauffeur"": 44, ""driver"": 99}","English:23, english-speaking:5",,driver:90 japan:77 tokyo:68 service:64 airport:45 fleet:38 chauffeur:36 transportation:35 services:30 book:30 home:27 premium:24 city:24 travel:24 company:23,https://driverjapanservice.com/en/about ; https://driverjapanservice.com/en/news ; https://driverjapanservice.com/en/company-profile ; https://driverjapanservice.com/en/how-it-works,
https://hiretaxijapan.com/,hiretaxijapan.com,ok,5,english speaking driver tokyo#3,Japan Private Taxi & Transfer Service | Hire Taxi Japan,"Japan's trusted private taxi & transfer service. Book airport transfers, day tours & city rides instantly. English-speaking drivers, fixed prices from ¥8,000 — Hire Taxi Japan.",Private Chauffeur Service in Japan. | Airport Transfer | Cruise Port Transfer | Disney & Universal Studios | Charter / City Ride | Private Day Tours,"Tokyo & Osaka, covered end to end. | Japan, door to door. | Ask SAKURA — get a real answer, instantly. | Written by people who actually know Japan. | A day with Hire Taxi Japan. | What you're actually paying for. | Rated 4.8 by 308 guests. | Ready to experience Japan without the friction? | Warning | Fully Booked",en-US,driver,"{""chauffeur"": 19, ""driver"": 95}","English:40, english-speaking:21",contractor:1,airport:191 service:128 taxi:119 tokyo:89 flight:85 driver:85 area:83 private:81 discount:80 please:79 booking:75 japan:70 vehicle:69 time:68 kansai:68,https://hiretaxijapan.com/product/haneda-airport-taxi-service-hnd/ ; https://hiretaxijapan.com/product/kansai-airport-taxi-service-kix/ ; https://hiretaxijapan.com/product/narita-airport-taxi-service-nrt/ ; https://hiretaxijapan.com/product/itami-airport-taxi-service/,
https://hirecarjapan.com/,hirecarjapan.com,ok,2,english speaking driver tokyo#9,Hire English-Speaking Chauffeur in Japan | Private Car & Driver Service - HIRECARJAPAN,"Enjoy comfortable private transportation across Japan with professional English, Chinese, or Japanese-speaking drivers. Experience stress-free travel with HireCarJapan.",Our Services,,en,driver,"{""chauffeur"": 2, ""driver"": 24}","English:16, english-speaking:2",,tokyo:44 read:44 private:36 trip:32 fuji:28 japan:26 tour:20 hire:18 okinawa:18 experience:18 driver:16 english:14 transfer:14 recommended:14 hakone:12,https://hirecarjapan.com/en,
https://www.outech.co.jp/,www.outech.co.jp,ok,5,english speaking driver tokyo#4 ; 英語対応 ハイヤー 東京#3 ; 外国人 送迎 ハイヤー#6,【東京・近郊】高級ハイヤー｜空港送迎・貸切チャーター・観光ツアー - アウテックｰ24時間対応,東京・近郊のハイヤーサービスならアウテック。羽田・成田空港送迎、ビジネス視察、観光ツアーまで、英語対応ドライバーが快適で安心の送迎をご提供します。,,最高の移動体験を | Services | Reviews | Business | Fleet | Why Choose Outech? | 感動接客への挑戦 | News | More Outech,ja,chauffeur,"{""ドライバー"": 4, ""乗務員"": 2, ""運転手"": 1, ""chauffeur"": 11, ""driver"": 6}","English:9, 英語:6, english-speaking:2, 多言語:1",紹介:2,当社:289 旅行者:223 場合:156 支払:121 サービス:94 旅行:76 規定:68 契約:64 旅行代金:61 提供:53 受注型企:49 前項:49 傷害:48 変更:46 画旅行契:44,https://www.outech.co.jp/en/ ; https://www.outech.co.jp/recruitment/ ; https://www.outech.co.jp/contract.html ; https://www.outech.co.jp/business/chauffeur-service-for-business-tokyo.html,
https://www.tokyo-car-service.com/,www.tokyo-car-service.com,ok,5,english speaking driver tokyo#5,Tokyo Car Service - Tokyo's Leading Airport Transfer & Limo Service,"Tokyo Airport Transfer, Car Hire With English Speaking Driver. Local 24/7 Customer Service. Rent Executive & Economy Sedan, SUV, Van! Easy Booking","Tokyo Airport Transfer, Car & Limo Service | Tokyo Airport Transfer, Car & Limo Service","Narita & Haneda Transfers, Hourly Car Hire. English Speaking | Narita & Haneda Transfers, Hourly Car Hire. English Speaking | About Tokyo Car Service | fleet includes: | Tokyo Car Service provides: | About Tokyo Car Service",en,driver,"{""chauffeur"": 16, ""driver"": 89}","English:21, English Speaking Driver:12, english-speaking:5",,service:195 tokyo:130 airport:88 hours:62 driver:60 transfer:59 very:43 toyota:40 time:38 narita:33 services:32 executive:32 haneda:31 drivers:29 transfers:28,https://www.tokyo-car-service.com/about-us/ ; https://www.tokyo-car-service.com/fleet/ ; https://www.tokyo-car-service.com/services/ ; https://www.tokyo-car-service.com/testimonials/,
https://singhcarservice.com/tokyo-chauffeur-service,singhcarservice.com,ok,5,english speaking driver tokyo#7,Tokyo Chauffeur Service | English-Speaking Drivers & Airport Transfers | Singh Car Service,"Professional Tokyo chauffeur service with English-speaking drivers. Airport transfers from Haneda (HND) & Narita (NRT). Corporate rides in Marunouchi, Shinjuku & Roppongi. DC-based global brand. Book 24/7.",Tokyo chauffeur service with English-speaking drivers.,"Where can we take you in Tokyo? | What our passengers say. | Your DC chauffeur brand, ready in Tokyo. | Haneda and Narita both airports covered. | Every Tokyo business district covered. | Every way to travel in Tokyo, covered. | Common Tokyo airport and city transfer routes. | Choose the right vehicle for your Tokyo trip. | Why US executives choose Singh for Tokyo. | Tokyo chauffeur service your q",en,chauffeur,"{""chauffeur"": 242, ""driver"": 24}","English:21, english-speaking:18, ESD:1",,service:254 airport:244 chauffeur:232 tokyo:145 travel:126 private:113 singh:105 transfers:97 corporate:89 book:78 washington:78 booking:77 hourly:68 rides:62 transfer:62,https://singhcarservice.com/ ; https://singhcarservice.com/services ; https://singhcarservice.com/airport-transfer ; https://singhcarservice.com/hourly-chauffeur,
https://www.delightcar.com/tokyo-car-rental-with-driver/,www.delightcar.com,ok,5,english speaking driver tokyo#10,Tokyo Car Rental with Driver | Tokyo Private Car Service,"Book Tokyo car rental with driver for Haneda and Narita airport transfers, city charter, Mount Fuji day trips, and private travel with clear pricing and easy booking.",Tokyo Car Rental With Driver,Airport & Tokyo City Service | Tokyo Day Trip Rates,en-US,driver,"{""chauffeur"": 4, ""driver"": 98}","English:31, english-speaking:2",,service:79 driver:75 private:67 airport:67 city:67 tokyo:51 transfers:46 rental:41 services:37 whatsapp:37 vehicle:31 english:29 email:29 japan:28 trips:28,https://www.delightcar.com/australia-car-service/ ; https://www.delightcar.com/japan-car-service/ ; https://www.delightcar.com/new-zealand-car-service/ ; https://www.delightcar.com/taiwan-car-service/,
https://www.daiwaj.com/tokyo-chauffeur/index.html,www.daiwaj.com,ok,1,英語対応 ハイヤー 東京#1,TOKYO CHAUFFEUR SERVICE,,移動時間を、 くつろぎのひとときに。,CHAUFFEUR SERVICEの便利なポイント | 基本料金について | TOKYO CHAUFFEUR SERVICE では、乗務員（CHAUFFEUR）を募集しています。,ja_JP,ドライバー,"{""ドライバー"": 5, ""乗務員"": 1, ""chauffeur"": 5}","英語:6, 外国語:2, インバウンド:1",,料金:16 指定:12 無料:10 注記:9 車内:8 有料道路:8 往復:8 片道:8 場合:7 プラン:6 事前:6 降車場所:6 追加:6 wifi:6 ドライバー:5,,
https://citycab-taxi.com/,citycab-taxi.com,ok,5,英語対応 ハイヤー 東京#5,東京観光や空港送迎におすすめのハイヤーならCITY CAB,東京でおすすめのハイヤー業務を行っています。空港送迎、東京観光、ゴルフの送迎にもおすすめです。シティキャブは東京２３区を中心に深夜割増なしのサービスです。外国からの方の英語にも対応します。ぜひ、東京でハイヤーをご希望の際は、お供致します。,,サービス | サービス車両 | お問合せ | 求人情報 | サービス | サービス車両 | お問合せ | 求人情報 | はじめに | サービス,,ドライバー,"{""ドライバー"": 13, ""乗務員"": 8, ""運転手"": 1, ""driver"": 6}","英語:5, English:1","派遣:5, 月給:4, 正社員:1, 契約社員:1, パート:1, アルバイト:1",サービス:37 問合:35 客様:25 ハイヤー:24 利用:19 車両:18 求人情報:16 excel:16 read:16 空港送迎:15 click:15 送迎:14 city:13 会社案内:12 個人情報:12,https://citycab-taxi.com/services.html ; https://citycab-taxi.com/recruit.html ; https://citycab-taxi.com/en/index.html ; https://citycab-taxi.com/forms2.html,
https://www.kokusai-hire.tokyo/,www.kokusai-hire.tokyo,ok,5,英語対応 ハイヤー 東京#6 ; 外国人 送迎 ハイヤー#2 ; 外国人 送迎 ハイヤー#3 ; ドライバー 紹介 会社 ハイヤー#7,国際ハイヤー株式会社 | 東京のハイヤー会社・予約・役員車・定期送迎・ドライバー派遣 ・ショーファーサービス,創業1920年ハイヤー業界最大手の国際ハイヤー。役員車や社用車、ショーファーサービス、役員の通勤、羽田空港や成田空港への送迎、ゴルフ送迎。ドライバー派遣（委託・運行管理請負）をご検討の方は国際ハイヤーへ。,国際自動車株式会社のハイヤーサービス | 国際ハイヤー株式会社,国際ハイヤー | お客さまの経営戦略をハイヤーサービスで支援します,ja,ドライバー,"{""ドライバー"": 102, ""乗務員"": 4, ""運転手"": 56, ""ショーファー"": 1, ""driver"": 1}","English:11, ESD:3","派遣:74, 紹介:2, パート:1",ハイヤー:90 ドライバー:84 派遣:66 cmyk:64 process:58 役員車運:38 転手:38 利用:35 送迎:35 国際:34 endobj:34 stream:29 ハイヤーサービス:26 予約:25 endstream:25,https://www.kokusai-hire.tokyo/driver/ ; https://www.kokusai-hire.tokyo/hire/exclusive.php ; https://www.kokusai-hire.tokyo/pdf/operation-management.pdf ; https://www.kokusai-hire.tokyo/driver/management.php,
https://driventokyo.com/ja/services/,driventokyo.com,ok,5,英語対応 ハイヤー 東京#7 ; 英語対応 ハイヤー 東京#8,東京のハイヤーサービス｜多言語対応・法人対応｜Driven,東京のハイヤーサービス：時間制、法人・視察団、複数日のオーダーメイドまで。認可ドライバーが英語など多言語で対応し、ご到着前に内容を確認。訪日ゲスト・国内B2Bに対応します。,東京での移動を、お望みのままに。,時間制・終日 | 法人・視察団 | オーダーメイドの旅,ja,ショーファー,"{""ドライバー"": 20, ""運転手"": 31, ""ショーファー"": 47}","英語:8, 多言語:5, English:5",パート:5,東京:65 車両:42 一日:41 ハイヤー:38 サービス:30 料金:30 ショーファー:29 オーダーメイド:28 富士山:28 確定:28 時間制:27 運転手:26 driven:24 時間:23 書面:23,https://driventokyo.com/ja/services/by-the-hour/ ; https://driventokyo.com/ja/services/corporate/ ; https://driventokyo.com/ja/services/bespoke/ ; https://driventokyo.com/ja/services/chauffeur-service/,
https://www.tokyomk.jp/airport,www.tokyomk.jp,ok,2,英語対応 ハイヤー 東京#9 ; 外国人 送迎 ハイヤー#9,空港送迎 | 東京エムケイ株式会社,羽田空港・成田空港への送迎なら東京エムケイ。ハイヤー・タクシーによる快適で安心な空港アクセスを提供します。,,海外から日本へご到着の お客様は、到着ロビーで お出迎え | 海外から日本へご到着の お客様は、到着ロビーで お出迎え | 海外から日本へご到着の お客様は、到着ロビーで お出迎え | 1日 約700件 の 空港送迎実績 | 世界最大の口コミサイト 「トリップアドバイザー」より | エクセレンス認証を受賞 | 海外から日本へご到着のお客様は、到着ロビーでお出迎え | フライト遅延にも対応 万が一の場合も安心 | 多言語対応で ビジネスサポートや 観光案内にも対応 | 車両・ドライバーともに徹底した安全対策を実施,ja,ドライバー,"{""ドライバー"": 2}","英語:2, 外国人:1, 多言語:1",紹介:4,予約:37 空港送迎:26 サービス:15 ハイヤー:13 料金:13 安心:11 タクシー:11 利用:9 移動:9 到着:8 送迎:8 各種:8 close:8 東京:7 海外:7,https://www.tokyomk.jp/corporate-services,
https://24limousine.com/,24limousine.com,ok,2,英語対応 ハイヤー 東京#10 ; 外国人 送迎 ハイヤー#7,,,,東京の空港送迎専門の 24リムジン | 当社が選ばれる 6つのポイント | 時間制ハイヤー,,ドライバー,"{""ドライバー"": 9}","English:2, 英語:1",紹介:5,送迎:14 サービス:9 ドライバー:9 予約:8 定額空港:6 料金:6 客様:6 会社概要:6 利用:5 フライト:5 時間:5 対応:5 紹介:5 時間制:4 車種:4,https://24limousine.com/chauffeurs,
https://www.airport-taxi.tokyo/jp,www.airport-taxi.tokyo,exc_ConnectionError,0,外国人 送迎 ハイヤー#1,,,,,,,,,,,,
https://vip-hire.com/,vip-hire.com,ok,4,外国人 送迎 ハイヤー#4,【ハイヤー】観光・送迎等のご利用・ご予約案内｜平成エンタープライズ,平成エンタープライズがご提供いたします「ハイヤーサービス」とは、お客様一人一人の大切な移動時間をハイグレードの車両にて、ドライバーが目的地まで安全運行で快適な心地よい空間とおもてなしをご提供いたします。お客様のスケジュールに合わせた様々なシーンでのオーダーメイドなプランをサポートいたします。,【ハイヤー】 観光・送迎等のご利用・ご予約案内,ABOUT | 土・日・祝日の webサイトからのお問い合わせを承ります | NEWS - 新着情報 | 車種のご紹介 | PLAN | ソーシャルメディア,,ドライバー,"{""ドライバー"": 9, ""driver"": 2}","English:6, 外国人:1","紹介:2, パート:1",ハイヤー:29 利用:14 プラン:14 観光:13 空港送迎:13 車種:11 見積:11 仕事:11 mercedes-benz:10 企業視察:9 冠婚葬祭:9 サービス:8 ビジネス・:8 スポット:8 ハイヤードライバー:8,https://vip-hire.com/en/ ; https://vip-hire.com/hire-plan/ ; https://vip-hire.com/recruit/,
http://hiremitsumori.com/,hiremitsumori.com,ok,2,外国人 送迎 ハイヤー#5,東京ハイヤークラブ | ハイヤーの予約を一括見積もり比較で最適プランをご提案,ハイヤーの予約、見積もり依頼、比較なら東京ハイヤークラブ。日本全国60社以上のハイヤー会社よりお客様に最適なハイヤー料金を提案致します。空港送迎、役員送迎、要人送迎どんな要望でも低価格、高品質のハイヤー会社を手配致します。,ハイヤー手配の一括見積もりは東京ハイヤークラブ | ハイヤーの一括見積もりは | 当社にお任せください!! | 60 社以上のハイヤー会社より | 最適なプランを提案します。,ABOUT TOKYO HIRE CLUB | 新型コロナウィルス対策ハイヤーで帰国者を送迎！！ 飛行場からご自宅まで！羽田・成田空港特別プラン！ | ５つの安心 | 当社で一括見積もりを行うと… | PLAN ご利用プラン | LINE UP ラインアップ | FLOW お申込みまでの手順,ja,ドライバー,"{""ドライバー"": 2, ""運転手"": 2, ""chauffeur"": 1}","English:2, 中文:2",紹介:2,ハイヤー:12 tokyo:11 名様:10 程度:10 company:9 quote:8 hire:7 車両:6 club:6 service:6 cars:6 プラン:5 定員:5 推奨定員:5 スーツケース:5,http://hiremitsumori.com/en.html,
https://nash-japan-limo.jp/,nash-japan-limo.jp,ok,2,外国人 送迎 ハイヤー#8,あなたの移動が最上級の体験に変わる NASHのハイヤーリムジンサービス｜ NASH JAPAN LIMO,東京・大阪でハイヤーをお探しならNASH JAPAN LIMO。ビジネスや観光、空港送迎はもちろん、ライブ・CM撮影時のVIP送迎にも対応。経験豊富な乗務員と多言語対応スタッフが、上質なおもてなしを提供します。, | あなたの移動が、 最上級の体験に 変わる NASHのハイヤー リムジンサービス,News | NASHハイヤーの 強み STRENGTH POINT | ご利用までの流れ SERVICE FLOW | 車両ラインナップ | 乗務員 DRIVER / CORDINATOR | オプション OPTION | 東　京 | 東京 TOKYO | 大　阪 | 大阪 OSAKA,ja,driver,"{""ドライバー"": 11, ""乗務員"": 4, ""chauffeur"": 7, ""driver"": 18}","English:3, 英語:2, 多言語:2, english-speaking:2",,airport:49 please:26 tokyo:24 terminal:24 ターミナル:21 osaka:21 時間:20 hours:19 service:17 空港:16 選択:15 contact:15 select:15 東京:13 料金:13,https://nash-japan-limo.jp/en/,
https://kurotokyo.com/,kurotokyo.com,ok,5,black limousine tokyo#4 ; black limousine tokyo#6,Private Car & Chauffeur Service in Tokyo | KURO TOKYO,"Premium private transportation in Tokyo for international travelers, including Haneda and Narita airport transfers, private chauffeur service, hotels, meetings and destinations across Tokyo.",Arrive assured.,"Send the trip details. | Tokyo travel, arranged around the way your day actually move | Haneda and Narita, handled with the right pickup plan. | The city moves quickly. We don't have to. | Built for visitors arranging Tokyo from abroad. | The details that make Tokyo feel straightforward. | Direct to the Tokyo address that matters. | The right entrance matters as much as the district. | Hotel days ",en,chauffeur,"{""chauffeur"": 124, ""driver"": 13}","English:27, bilingual:2",,tokyo:371 private:245 service:225 vehicle:152 transportation:129 chauffeur:117 airport:110 hotel:110 large:106 suitcases:100 passengers:95 pickup:93 hotels:85 travel:85 before:82,https://kurotokyo.com/tokyo-private-car-service ; https://kurotokyo.com/tokyo-chauffeur-service ; https://kurotokyo.com/tokyo-black-car-service ; https://kurotokyo.com/tokyo-corporate-car-service,
https://www.blacklane.com/en/countries/japan/tokyo/limousine-service/,www.blacklane.com,ok,5,black limousine tokyo#1 ; black limousine tokyo#2,Tokyo Limousine Service With Online Booking | Blacklane,Tokyo's local limousine service is here to offer style and comfort in high-quality black cars with professional chauffeurs. Book your journey now!,Professional Tokyo limousine service,Reserve your Tokyo limousine service | Getting around Tokyo with a limo rental | Reliable and flexible airport shuttle in Tokyo,en,chauffeur,"{""chauffeur"": 36}","English:6, english-speaking:1",,blacklane:38 service:33 chauffeur:19 tokyo:16 chauffeurs:16 rides:16 time:15 business:14 airport:12 travel:12 limousine:11 partner:11 cities:10 city-to-city:10 pickup:9,https://www.blacklane.com/en/ ; https://www.blacklane.com/en/partners/ ; https://www.blacklane.com/en/help/ ; https://www.blacklane.com/en/countries/,
https://www.savoya.com/service-areas/tokyo-japan,www.savoya.com,ok,4,black limousine tokyo#3,"Black Car Service in Tokyo, Japan | Savoya","Premium black car service in Tokyo, Japan. Vetted chauffeurs, Fortune 100 trusted. Book executive transportation.","Luxury Black Car & Chauffeur Service in Tokyo, Japan",Company | Benefits | Who We Serve | Resources | The Savoya Difference | Our Premium Service Standards | What Our Clients Are Saying | Tokyo Travel Guide | Contact Us,en,chauffeur,"{""chauffeur"": 27, ""driver"": 14}",,,airport:235 savoya:110 north:100 ilfov:92 service:83 giurgiu:83 united:72 international:71 park:70 municipal:66 america:62 city:56 states:55 county:52 regional:46,https://www.savoya.com/service ; https://www.savoya.com/who-we-serve/recruiters ; https://www.savoya.com/service-areas,
https://www.daxiangbaoche.com/tokyo-car-service/,www.daxiangbaoche.com,ok,5,日本 包车 司机 英语#10 ; 日本 包车 公司 东京#2 ; 日本 包车 公司 东京#5 ; 东京 华人 包车#3,东京包车带司机｜机场接送・富士山箱根一日游,东京包车带司机服务，提供羽田、成田机场接送，东京市区包车及富士山、箱根、镰仓、日光一日游。可安排阿尔法、海狮及团队用车。,东京包车｜东京租车带司机,东京包车服务项目 | 联系我们 | 近期文章,zh-Hans,司机,"{""司机"": 48}","包车:197, 接送:29, 中文:4",,whatsapp:35 联系我们:29 包车:21 门票:21 名乘客:20 公里:19 佛山:18 青岛:17 常见问题:16 菜单:15 布里斯班:15 关于我们:15 付款方式:15 顾客评价:15 邮箱:15,https://www.daxiangbaoche.com/guilin-car-service/ ; https://www.daxiangbaoche.com/foshan-car-service/ ; https://www.daxiangbaoche.com/jiuzhaigou-car-service/ ; https://www.daxiangbaoche.com/qingdao-car-service/,
https://www.tokyodd.com/zh/,www.tokyodd.com,ok,1,日本 包车 公司 东京#7 ; 东京 华人 包车#5,高端商务车｜东京包车服务｜大阪包车服务｜中文司机｜机场接送｜Tokyo DD,Tokyo DD 提供东京及大阪周边地区中文司机包车服务，涵盖机场接送、商务用车、旅游定制路线。正规日本车辆，价格透明，沟通无障碍。 ,高端商务车｜东京包车服务｜大阪包车服务｜中文司机｜机场接送｜Tokyo DD,,zh-CN,司机,"{""司机"": 4}","包车:9, 接送:9, 中文:6, English:1, 英语:1",,服务:6 公司概要:4 中文:4 机场接送:3 用车服务:3 tokyo:3 高端商务:2 东京包车:2 大阪包车:2 中文司机:2 首页:2 车种介绍:2 服务内容:2 用车费用:2 旅行服务:2,,
https://www.japantripcore.com/,www.japantripcore.com,ok,1,东京 华人 包车#6 ; 东京 华人 包车#9,江戸国際｜日本包车・接送机・定制旅行服务（在日华人旅行社）-江戸国際,江戸国際专注日本本地旅游服务，提供日本包车、机场接送、一日游、大团拼团和私人定制旅行服务。自有车辆与司机团队，覆盖东京、大阪、京都、富士山、箱根、镰仓、日光等热门目的地，为游客提供安心、灵活、舒适的日本旅行体验。,,,,,{},"包车:6, 接送:4, 中文:1",,东京出发:8 路线:7 忍野八海:6 满意度:6 查看详情:6 热门大团:5 推荐:5 江戸国際:4 轻松出行:4 和服体验:4 经典参团:3 私家包车:3 机场接送:3 江户四季:3 私人定制:3,,
https://www.tokyotransit.co.jp/cn/index.html,www.tokyotransit.co.jp,ok,2,日本 包车 公司 东京#6,東京交通 | 商务・旅游专属包车,东京交通扎根东京，专注为海内外旅客及商务人士提供高端包车、机场接送、定制观光等一站式交通解决方案。凭借多年行业经验与完善服务体系，我们致力成为连接您与东京的“移动桥梁”，以精准、安全、贴心的服务，让每一段旅程从容启程。,一车一旅程 畅游日本行 | 巴士之旅 解锁日本 | 打造安全舒适的旅程 | 安全・快適・信赖是我们的基石 | 坐拥全景 宽享旅程 | 车型・车种,巴士+行李管家+中日英语服务 | 准时・舒适+中日英语服务 | 既是您的司机，也是您与外界沟通的桥梁。 | Hiace | 小型观光车 | 中型观光车 | 大型观光车,en,driver,"{""司机"": 6, ""chauffeur"": 1, ""driver"": 7}","英语:5, English:4, 包车:1, 中文:1",,journey:8 contact:8 driver:6 tour:5 luggage:5 capacity:5 中日英语:4 服务:4 联系我们:4 包括驾驶:4 适合商务:4 tokyotransit:4 business:4 travel:4 sightseeing:4,https://www.tokyotransit.co.jp/en/index.html,
https://gtc-jp-travel.com/,gtc-jp-travel.com,ok,1,日本 包车 公司 东京#10,GTC株式会社｜日本包车与机场接送,GTC株式会社提供日本包车旅游、机场接送和商务用车服务。正规绿牌运营，自有多车型车队，简体中文、繁体中文、英文及日文对应。,"Travel Japan,
comfortably.","Licensed, reliable travel across Japan | More than a transfer — a journey with peace of mind | The right vehicle for every group | Popular journeys | Four easy steps | Tell us about your journey",zh-CN,driver,"{""driver"": 1}","English:2, 包车:1, 接送:1",,airport:9 travel:8 fleet:7 private:7 japan:6 transfers:6 business:6 tokyo:6 vehicle:6 view:6 itinerary:6 株式会社:5 licensed:5 charter:5 groups:5,,
https://jp.evvn.com/,jp.evvn.com,ok,1,日本 包车 公司 东京#9,日本全境包车旅游｜专业定制包车·东京京都大阪北海道·中文服务 - 日本包车网,日本全境包车旅游一站式服务，提供东京、京都、大阪、北海道、冲绳等全日本包车定制线路。专业司机导游、中文陪同、豪华车型，行程灵活自由。日本包车价格透明，安全可靠。预订热线：17278082007,探索 全日本 专属包车 · 自由出行,选择出发地区 | 热门包车线路 | 日本人文探索 | 专业车队 · 豪华车型 | 必游热门景点 | 日本美食图鉴 | 旅客真实评价 | 快速估价 | 常见问题解答 | 免费定制您的专属行程,zh-CN,司机,"{""司机"": 11}","包车:53, 中文:14",,京都:10 大阪:9 东京都市:9 北海道:7 包车费用:7 日本全境:6 全年可订:6 日均价:6 查看详情:6 日本包车:5 冲绳:5 文化:5 tour:5 包车旅游:4 包车:4,,
https://easytraveljapan.com/cn,easytraveljapan.com,ok,2,日本 包车 司机 英语#4,日本包车与司机服务（含英文支持） - Easy Travel Japan,在日本租赁带司机的私人车辆。Easy Travel Japan 在东京、大阪、京都、北海道和冲绳提供含英文支持的包车及私人旅游服务，让您的日本之旅安全、舒适又灵活。,,易旅遊包車服務 | 日本最頂級的旅遊套餐 | TESTIMONY | 公司合作夥伴,zh,driver,"{""司机"": 13, ""司機"": 5, ""driver"": 25}","English:9, 包车:9, 接送:6, 中文:6",,private:31 driver:22 tokyo:21 osaka:20 kyoto:19 trip:19 yakiniku:18 grill:18 japanese:18 izakaya:18 western:18 cafe:18 okinawa:18 tour:17 詳情:15,https://easytraveljapan.com,
https://suntaxijp.com/ch/,suntaxijp.com,ok,3,日本 包车 司机 英语#9,日本私人机场接送与包车服务 | Sun Taxi JP,提供日本私人机场接送与包车服务，支持英语、中文沟通，价格透明，专业司机团队。通过 Sun Taxi JP 在线轻松预订。,安心舒适的日本包车游，一键预约,日本机场接送与包车服务 | 我们的服务流程 | 为什么选择 Sun Taxi Japan | 常见问题 | 深受国际旅客信赖,zh-Hans,司机,"{""司机"": 10, ""driver"": 8}","包车:10, 接送:10, 中文:7, English:6, 英语:2",,taxi:20 japan:19 service:11 yukiguni:9 kanko:9 airport:7 charter:7 english:6 中文:5 private:5 drivers:5 vehicles:5 transfer:4 professional:4 travelers:4,https://suntaxijp.com/en/ ; https://suntaxijp.com/chchoose,
https://www.funliday.com/cn/charter-service,www.funliday.com,ok,2,日本 包车 司机 英语#8 ; 日本 包车 公司 东京#1 ; 日本 包车 公司 东京#4 ; 东京 华人 包车#2 ; 东京 华人 包车#7,日本合法包车｜东京包车・大阪包车・京都包车・冲绳包车｜机场接送及一日游 - Funliday,Funliday 日本合法包车推荐首选！提供东京包车、大阪包车、京都包车、冲绳包车一日游，成田机场接送、关西机场接送、那霸机场接送。全程中文司机、透明价格、24H LINE 即时客服。富士山包车、迪士尼接送、京都奈良包车、冲绳包车行程，五人座七人座十人座任选。,日本合法包车｜东京・大阪・京都・冲绳包车首选,专属中文司机、机场接送、行程客制，让你玩日本更轻松,zh-CN,司机,"{""司机"": 48}","包车:94, 接送:51, 中文:25, English:1, 英语:1",,旺季:36 七人座:20 小时:17 funliday:16 行程:15 包车:14 同左:14 那霸机场:13 十人座:13 接送机:12 line:12 冲绳包车:10 包车一日:9 大阪:8 专人:8,https://www.funliday.com/login?login_redirect=%2Fcn%2Fcharter-service,
https://www.nihon-kotsu-hire.jp/drivers/,www.nihon-kotsu-hire.jp,ok,5,ドライバー 紹介 会社 ハイヤー#2 ; ドライバー 紹介 会社 ハイヤー#6,ドライバー派遣トップ｜ハイヤー業界シェアNo1の日本交通,日本交通ハイヤーのドライバー派遣（運行管理請負）サービスは、ハイヤーサービスと違い、お客様の車両の運転・管理や事故発生時の対応をトータルで請け負います。自家用運転手に比べて、コスト・ドライバーの品質など様々なメリットがあります。,ハイヤーサービスサイト,DRIVER DISPATCH | 日本交通の運行管理請負は ドライバーの質が違います | SCENE | AGREEMENT,ja,ドライバー,"{""ドライバー"": 60, ""乗務員"": 32, ""運転手"": 9, ""driver"": 2}",English:9,"派遣:34, 紹介:2",ドライバー:57 日本交通:49 派遣:34 送迎:32 ハイヤー:29 乗務員:29 契約:28 特徴:23 予約:23 ハイヤーサービス:22 見積:22 問合:22 利用:21 関西:18 エリア:18,https://www.nihon-kotsu-hire.jp/drivers/management/ ; https://www.nihon-kotsu-hire.jp/features/ ; https://www.nihon-kotsu-hire.jp/en/ ; https://www.nihon-kotsu-hire.jp/drivers/executive/,
https://takusuke-next.net/,takusuke-next.net,ok,1,タクシー 乗務員 転職 エージェント#5,タク助NEXT｜タクシー転職エージェント,タク助NEXTはタクシー企業提携先300社！タクシー業界に強い転職エージェントサイトです。希望勤務地、条件に合ったタクシー企業をどこよりも早くご紹介が可能です。,,タ ク 助 N E X T は タ ク シ ー 企 業 提 携 先 3 0 0 社 ！ タ ク シ ー 業 界 に 強  | タク助NEXTは創業67年の日立興業が運営するタクシードライバー専門の転職エージェントサイトです。 | よくあるご質問,ja,ドライバー,"{""ドライバー"": 1}",,紹介:6,next:12 企業:10 タクシー:7 転職:6 エージェント:6 会員登録:5 求職者:5 紹介:5 安心:4 可能:4 無料:3 企業様:3 条件:3 非公開求:3 登録:3,,
https://p-chan.jp/taxi/,p-chan.jp,ok,4,タクシー 乗務員 転職 エージェント#3,未経験・タクシードライバーの求人・転職情報サイト【ピーチャンタクシー（P-CHAN TAXI）】,未経験からタクシー運転手・ドライバーへの転職・求人サイト「ピーチャンタクシー（P-CHAN TAXI）」。利用者数・利用者満足度No.1！求人応募はもちろん、完全無料相談であなたの転職をフルサポートします。月給保証・寮完備・保証人なし、貸付金等、何でも気軽にご相談ください。,,編集部おすすめ！ 注目のタクシー求人情報 | タクシー会社の内情が よく分かる！潜入取材レポート | タクシー裏事情コラム | ピーチャンタクシー （P-CHAN TAXI）のSNS,ja,ドライバー,"{""ドライバー"": 27, ""乗務員"": 4, ""運転手"": 7}",外国人:6,"月給:65, 正社員:23, 紹介:13, 歩合:6, パート:3, 嘱託:1",タクシー:151 求人:79 会社:64 月給:63 無料相談:50 万円:41 仕事内容:39 給与保証:37 未経験者:35 相談:33 客様:32 売上:31 制度:31 種免許取:30 給与:30,https://p-chan.jp/taxi/job-offer ; https://p-chan.jp/taxi/service ; https://p-chan.jp/taxi/pr_blog/mitsuboshitaxi,
https://nikko-yokohama.com/media/driver-dispatch-company-comparison/,nikko-yokohama.com,ok,1,ドライバー 紹介 会社 ハイヤー#1,ドライバー派遣の会社一覧をご紹介！おすすめの業者や選び方を解説,ドライバー派遣サービスを提供する事業者は数多く、各事業者で得意とする方向性や強みがあるのが特徴です。実際にドライバー派遣サービスを活用する際には、自社の希望に沿ったサービスが利用できる事業者を選ぶ必要があります。本記事では、おすすめのドライバー派遣サービスを一覧で紹介します。,ドライバー派遣の会社一覧をご紹介！おすすめの業者や選び方を解説,ドライバー派遣とは | ドライバー派遣会社の選び方 | ドライバー派遣の会社一覧 | ドライバー派遣利用時の注意点 | ドライバー派遣会社一覧をみて自社のニーズに合う会社を選定しよう | 人気ランキング,ja,ドライバー,"{""ドライバー"": 126, ""運転手"": 12, ""driver"": 1}",外国人:1,"派遣:153, 紹介:9, パート:1",ドライバー:119 派遣:96 サービス:29 対応:24 運行管理:24 日本交通:23 株式会社:23 提供:22 派遣会社:21 企業:20 ハイヤー:18 料金:18 体制:17 会社名:16 https:16,,
https://colorful-career.jp/media/contents/hire-driver-dispatch/,colorful-career.jp,ok,5,ドライバー 紹介 会社 ハイヤー#4 ; ドライバー 紹介 会社 ハイヤー#8 ; タクシー 乗務員 転職 エージェント#7,ハイヤー・ドライバー派遣とは？｜違いや特徴、おすすめの会社をご紹介,ハイヤーとドライバー派遣の違いとは？コスト、事故対応、法的リスクを比較し、自社に最適な役員車運用の選び方を解説します。,ハイヤー・ドライバー派遣とは？｜違いや特徴、おすすめの会社をご紹介,1．ハイヤー・ドライバー派遣の違いとは？ | 2．失敗しないハイヤー・ドライバー派遣の会社の選び方 | 3．ハイヤー・ドライバー派遣向けの会社おすすめ5選 | 4．ハイヤー・ドライバー派遣でよくある質問 | 5．ハイヤー ドライバー 派遣で理想の働き方を見つけよう | 根本 慎吾 | 新着記事,ja,ドライバー,"{""ドライバー"": 165, ""乗務員"": 5, ""運転手"": 23, ""ショーファー"": 1, ""driver"": 4}","英語:2, 外国語:1","派遣:73, 紹介:23, 月給:10, 正社員:1, 歩合:1",タクシー:128 ドライバー:123 転職:117 物流:85 運送:83 ガイド:64 派遣:63 万円:51 ハイヤー:45 トラック:42 年収:42 解説:38 自動車整:36 備士:35 実績:34,https://colorful-career.jp/media/ ; https://colorful-career.jp/media/contents/ ; https://colorful-career.jp/media/category/trans/ ; https://colorful-career.jp/media/category/taxi/,
https://fiit.jp/jinji-fit/driver-recruitment-agency/,fiit.jp,ok,4,ドライバー 紹介 会社 ハイヤー#3,ドライバー人材紹介会社の選び方とおすすめ8選【2026年版】料金・職種・失敗しない質問まで – 株式会社FiiT,ドライバー人材紹介会社を探す採用担当者へ。8社の特徴、料金・返戻金の見方、トラック・,ドライバー人材紹介会社の選び方とおすすめ8選【2026年版】料金・職種・失敗しない質問まで,ドライバー人材紹介会社は「登録者数」より、今回の運行条件に合う候補者を選別できるかで選ぶ | なぜドライバー採用は難しいのか。人材紹介会社を使う前に知っておきたい3つの数字 | 人材紹介・求人広告・派遣・採用代行はどう使い分ける？ | ドライバー人材紹介会社・採用支援サービス8社を比較【2026年版】 | ドライバー人材紹介会社の選び方｜失敗を防ぐ7つの基準 | ドライバー人材紹介の料金相場より先に確認したい「総採用コスト」 | トラック・軽貨物・タクシー・バス｜職種別に紹介会社へ伝える条件 | ドライバー人材紹介で起きやすい5つの失敗と危険信号 | 最短で採用成功へつなげる6ステップ | そのまま使える、契約前の質問15項目,ja,ドライバー,"{""ドライバー"": 49, ""driver"": 3}",外国人:5,"紹介:102, 派遣:17, 正社員:10, 業務委託:6, アルバイト:2, 歩合:1",採用:49 ドライバー:40 確認:39 個別案内:36 候補者:34 人材紹介:33 事業:29 fiit:29 整理:24 会社:23 条件:23 株式会社:21 紹介:21 相談:20 料金:18,https://fiit.jp/service ; https://fiit.jp/recruit ; https://fiit.jp/driver/houjin/,
