nome,handle,dominio_com,dominio_stato,instagram,x,line_id,wechat,jplatpat,brave_exact_ja,brave_urls_ja,brave_exact_en,brave_urls_en,brave_exact_zh,brave_urls_zh
Hire Driver Japan,hiredriverjapan,hiredriverjapan.com,libero,non verificabile (200 generico),libero,libero?,non verificabile (nessun URL pubblico),"raggiungibile http 200, ma la ricerca e' solo via form JS: da verificare manualmente",non disponibile,,non disponibile,,non disponibile,
Pro Driver Japan,prodriverjapan,prodriverjapan.com,libero,non verificabile (200 generico),libero,libero?,non verificabile (nessun URL pubblico),"raggiungibile http 200, ma la ricerca e' solo via form JS: da verificare manualmente",non disponibile,,non disponibile,,non disponibile,
Global Driver Japan,globaldriverjapan,globaldriverjapan.com,libero,non verificabile (200 generico),libero,libero?,non verificabile (nessun URL pubblico),"raggiungibile http 200, ma la ricerca e' solo via form JS: da verificare manualmente",non disponibile,,non disponibile,,non disponibile,
Driver Pool Japan,driverpooljapan,driverpooljapan.com,libero,non verificabile (200 generico),libero,libero?,non verificabile (nessun URL pubblico),"raggiungibile http 200, ma la ricerca e' solo via form JS: da verificare manualmente",non disponibile,,non disponibile,,non disponibile,
Multilingual Driver Japan,multilingualdriverjapan,multilingualdriverjapan.com,libero,non verificabile (200 generico),libero,libero?,non verificabile (nessun URL pubblico),"raggiungibile http 200, ma la ricerca e' solo via form JS: da verificare manualmente",non disponibile,,non disponibile,,non disponibile,
Bilingual Driver Japan,bilingualdriverjapan,bilingualdriverjapan.com,libero,non verificabile (200 generico),libero,libero?,non verificabile (nessun URL pubblico),"raggiungibile http 200, ma la ricerca e' solo via form JS: da verificare manualmente",non disponibile,,non disponibile,,non disponibile,
Driver Link Japan,driverlinkjapan,driverlinkjapan.com,libero,non verificabile (200 generico),libero,libero?,non verificabile (nessun URL pubblico),"raggiungibile http 200, ma la ricerca e' solo via form JS: da verificare manualmente",non disponibile,,non disponibile,,non disponibile,
Nishu Drivers,nishudrivers,nishudrivers.com,libero,non verificabile (200 generico),libero,libero?,non verificabile (nessun URL pubblico),"raggiungibile http 200, ma la ricerca e' solo via form JS: da verificare manualmente",non disponibile,,non disponibile,,non disponibile,
Global Chauffeur Japan,globalchauffeurjapan,globalchauffeurjapan.com,libero,non verificabile (200 generico),libero,libero?,non verificabile (nessun URL pubblico),"raggiungibile http 200, ma la ricerca e' solo via form JS: da verificare manualmente",non disponibile,,non disponibile,,non disponibile,
Omotenashi Drivers,omotenashidrivers,omotenashidrivers.com,libero,non verificabile (200 generico),libero,libero?,non verificabile (nessun URL pubblico),"raggiungibile http 200, ma la ricerca e' solo via form JS: da verificare manualmente",non disponibile,,non disponibile,,non disponibile,
