nome,query,locale,tipo,n_risultati_prima_pagina,altre_pagine,url_1_3,titoli_1_3
Hire Driver Japan,"""Hire Driver Japan""",us-en,en,0,False,,
Hire Driver Japan,"""Hire Driver Japan""",jp-jp,ja_romaji,0,False,,
Hire Driver Japan,"""ハイヤードライバージャパン""",jp-jp,ja_kana,0,False,,
Hire Driver Japan,"""Hire Driver Japan""",cn-zh,zh_romaji,0,False,,
Hire Driver Japan,"""日本包车司机""",cn-zh,zh_hanzi,2,False,https://www.huarenyizhan.com/fenlei-214-945.html ; https://riben.huarenyizhan.com/fenlei-214-947.html,关东地接导游/东京包车 - 日本地接社_包车旅游_私家包车导游_华人驿站 ; 北海道地接导游/北海道包车 - 日本地接社_包车旅游_私家包车导游_华人驿站
Pro Driver Japan,"""Pro Driver Japan""",us-en,en,0,False,,
Pro Driver Japan,"""Pro Driver Japan""",jp-jp,ja_romaji,0,False,,
Pro Driver Japan,"""プロドライバージャパン""",jp-jp,ja_kana,0,False,,
Pro Driver Japan,"""Pro Driver Japan""",cn-zh,zh_romaji,0,False,,
Pro Driver Japan,"""日本专业司机""",cn-zh,zh_hanzi,0,False,,
Global Driver Japan,"""Global Driver Japan""",us-en,en,0,False,,
Global Driver Japan,"""Global Driver Japan""",jp-jp,ja_romaji,0,False,,
Global Driver Japan,"""グローバルドライバージャパン""",jp-jp,ja_kana,0,False,,
Global Driver Japan,"""Global Driver Japan""",cn-zh,zh_romaji,0,False,,
Global Driver Japan,"""日本国际司机""",cn-zh,zh_hanzi,0,False,,
Driver Pool Japan,"""Driver Pool Japan""",us-en,en,0,False,,
Driver Pool Japan,"""Driver Pool Japan""",jp-jp,ja_romaji,0,False,,
Driver Pool Japan,"""ドライバープールジャパン""",jp-jp,ja_kana,0,False,,
Driver Pool Japan,"""Driver Pool Japan""",cn-zh,zh_romaji,0,False,,
Driver Pool Japan,"""日本司机库""",cn-zh,zh_hanzi,0,False,,
Multilingual Driver Japan,"""Multilingual Driver Japan""",us-en,en,0,False,,
Multilingual Driver Japan,"""Multilingual Driver Japan""",jp-jp,ja_romaji,0,False,,
Multilingual Driver Japan,"""マルチリンガルドライバージャパン""",jp-jp,ja_kana,0,False,,
Multilingual Driver Japan,"""Multilingual Driver Japan""",cn-zh,zh_romaji,0,False,,
Multilingual Driver Japan,"""日本多语司机""",cn-zh,zh_hanzi,0,False,,
Bilingual Driver Japan,"""Bilingual Driver Japan""",us-en,en,0,False,,
Bilingual Driver Japan,"""Bilingual Driver Japan""",jp-jp,ja_romaji,0,False,,
Bilingual Driver Japan,"""バイリンガルドライバージャパン""",jp-jp,ja_kana,0,False,,
Bilingual Driver Japan,"""Bilingual Driver Japan""",cn-zh,zh_romaji,0,False,,
Bilingual Driver Japan,"""日本双语司机""",cn-zh,zh_hanzi,0,False,,
Driver Link Japan,"""Driver Link Japan""",us-en,en,0,False,http://www.linkecu.co.jp/products/list?category_id=187,LINK JAPAN / DI Driver
Driver Link Japan,"""Driver Link Japan""",jp-jp,ja_romaji,0,False,http://www.linkecu.co.jp/products/list?category_id=187,LINK JAPAN / DI Driver
Driver Link Japan,"""ドライバーリンクジャパン""",jp-jp,ja_kana,0,False,,
Driver Link Japan,"""Driver Link Japan""",cn-zh,zh_romaji,0,False,http://www.linkecu.co.jp/products/list?category_id=187,LINK JAPAN / DI Driver
Driver Link Japan,"""日本司机连线""",cn-zh,zh_hanzi,0,False,,
Nishu Drivers,"""Nishu Drivers""",us-en,en,0,False,https://www.instagram.com/p/DO2ynSTEuHV/,Instagram
Nishu Drivers,"""Nishu Drivers""",jp-jp,ja_romaji,0,False,https://www.instagram.com/p/DO2ynSTEuHV/,Instagram
Nishu Drivers,"""二種ドライバーズ""",jp-jp,ja_kana,0,False,,
Nishu Drivers,"""Nishu Drivers""",cn-zh,zh_romaji,0,False,https://www.instagram.com/p/DO2ynSTEuHV/,Instagram
Nishu Drivers,"""日本二种司机""",cn-zh,zh_hanzi,0,False,,
Global Chauffeur Japan,"""Global Chauffeur Japan""",us-en,en,0,False,,
Global Chauffeur Japan,"""Global Chauffeur Japan""",jp-jp,ja_romaji,0,False,,
Global Chauffeur Japan,"""グローバルショーファージャパン""",jp-jp,ja_kana,0,False,,
Global Chauffeur Japan,"""Global Chauffeur Japan""",cn-zh,zh_romaji,0,False,,
Global Chauffeur Japan,"""日本国际礼宾司机""",cn-zh,zh_hanzi,0,False,,
Omotenashi Drivers,"""Omotenashi Drivers""",us-en,en,2,False,https://www.fujiq-taxi.jp/en/special/otsuki.php ; https://en.tabiiro.travel/activities/detail/206453-fujiyoshida-fujiq-taxi/,"Special Plans | FUJIKYU YAMANASHI-HIRE Inc. ; ＜Fujikyu Yamanashi Hire Co., Ltd.＞&quot;Omotenashi Drivers&quot; Guidi"
Omotenashi Drivers,"""Omotenashi Drivers""",jp-jp,ja_romaji,2,False,https://www.fujiq-taxi.jp/en/special/otsuki.php ; https://en.tabiiro.travel/activities/detail/206453-fujiyoshida-fujiq-taxi/,"Special Plans | FUJIKYU YAMANASHI-HIRE Inc. ; ＜Fujikyu Yamanashi Hire Co., Ltd.＞&quot;Omotenashi Drivers&quot; Guidi"
Omotenashi Drivers,"""おもてなしドライバーズ""",jp-jp,ja_kana,0,False,,
Omotenashi Drivers,"""Omotenashi Drivers""",cn-zh,zh_romaji,2,False,https://www.fujiq-taxi.jp/en/special/otsuki.php ; https://en.tabiiro.travel/activities/detail/206453-fujiyoshida-fujiq-taxi/,"Special Plans | FUJIKYU YAMANASHI-HIRE Inc. ; ＜Fujikyu Yamanashi Hire Co., Ltd.＞&quot;Omotenashi Drivers&quot; Guidi"
Omotenashi Drivers,"""待客司机""",cn-zh,zh_hanzi,0,False,,
