query,locale,rank,url,title,snippet,motore
english speaking driver tokyo,jp-jp,1,https://tokyo-chauffeur-service.jp/en/,Tokyo Chauffeur Service | Luxury Airport Transfers & English ...,"Private chauffeur service in Tokyo with Lexus & Alphard. English-speaking drivers, airport pick-up, hotel transfers, and custom sightseeing. Book now.",duckduckgo (Chrome)
english speaking driver tokyo,jp-jp,2,https://driverjapanservice.com/en,Home | DRIVER Japan - Premium Chauffeur Service Tokyo,"Premium chauffeur service in Tokyo, Japan. Professional drivers, luxury vehicles, and exceptional transportation services for airport transfers, city tours, cor",duckduckgo (Chrome)
english speaking driver tokyo,jp-jp,3,https://hiretaxijapan.com/,Japan Private Taxi & Transfer Service | Hire Taxi Japan,"Japan's trusted private taxi & transfer service. Book airport transfers, day tours & city rides instantly. English-speaking drivers, fixed prices from ¥8,000 — ",duckduckgo (Chrome)
english speaking driver tokyo,jp-jp,4,https://www.outech.co.jp/en/,Tokyo Chauffeur & Limo Service | OUTECH | 24/7 Airport ...,"Our team is available around the clock to assist you with any request in English. Our professional, multilingual chauffeurs are committed to your comfort and sa",duckduckgo (Chrome)
english speaking driver tokyo,jp-jp,5,https://www.tokyo-car-service.com/,"Tokyo Airport Transfer, Car & Limo Service","We use only experienced, courteous drivers to safely deliver you to your Tokyo destinations promptly using the most efficient routes. English-speaking drivers a",duckduckgo (Chrome)
english speaking driver tokyo,jp-jp,6,https://www.klook.com/activity/144303-tokyo-private-car-tour-with-an-english-speaking-driver/,Tokyo: Private Car Tour with an English-Speaking Driver - Klook,"Sep 15, 2026With a short stay in Tokyo and a very full itinerary, we chose this tour so we could see as much as possible in one day. It was great to have a quic",duckduckgo (Chrome)
english speaking driver tokyo,jp-jp,7,https://singhcarservice.com/tokyo-chauffeur-service,Tokyo Chauffeur Service | English-Speaking Drivers & Airport ...,"Singh Car Service provides English-speaking chauffeurs for all Tokyo rides airport transfers, corporate travel, hourly hire, and private city transport. English",duckduckgo (Chrome)
english speaking driver tokyo,jp-jp,8,https://www.realestate-tokyo.com/living-in-tokyo/transportation/tokyo-chauffeurs/,English-Speaking Drivers & Chauffeur Services in Tokyo,"Jul 3, 2025If you're looking for a chauffeur in Tokyo for business meetings or personal trips, there are many trusted English-speaking chauffeur services ready ",duckduckgo (Chrome)
english speaking driver tokyo,jp-jp,9,https://hirecarjapan.com/,Hire English-Speaking Chauffeur in Japan | Private Car ...,"Enjoy comfortable private transportation across Japan with professional English, Chinese, or Japanese-speaking drivers. Experience stress-free travel with HireC",duckduckgo (Chrome)
english speaking driver tokyo,jp-jp,10,https://www.delightcar.com/tokyo-car-rental-with-driver/,Tokyo Car Rental with Driver | Tokyo Private Car Service,"Aug 23, 2026Book Tokyo car rental with driver for Haneda and Narita airport transfers, city charter, Mount Fuji day trips, and private travel with clear pricing",duckduckgo (Chrome)
英語対応 ハイヤー 東京,jp-jp,1,https://www.daiwaj.com/tokyo-chauffeur/index.html,Tokyo Chauffeur Service,外国語スキルを活かして、VIPのお客様に安全で快適な移動を提供するお仕事です。 未経験者も歓迎! 丁寧な研修を行い、安心してスタートできます。 英語や他の外国語が得意な方は特に優遇します。 お気軽にお問い合わせください。,duckduckgo (Chrome)
英語対応 ハイヤー 東京,jp-jp,2,https://tokyo-chauffeur-service.jp/,東京ハイヤーサービス | 空港送迎・専属ドライバー付き高級車 ...,成田・羽田空港送迎から都内移動、観光まで。 レクサスやアルファードによる専属ドライバー付き高級ハイヤーサービス。 英語対応ドライバー常駐、完全予約制。,duckduckgo (Chrome)
英語対応 ハイヤー 東京,jp-jp,3,https://www.outech.co.jp/,【東京・近郊】高級ハイヤー|空港送迎・貸切チャーター ...,東京・近郊のハイヤーサービスならアウテック。羽田・成田空港送迎、ビジネス視察、観光ツアーまで、英語対応ドライバーが快適で安心の送迎をご提供します。,duckduckgo (Chrome)
英語対応 ハイヤー 東京,jp-jp,4,https://www.km-taxi.tokyo/about/bilingual.php,タクシードライバー(運転手)の英語・外国語対応 ...,英語の話せるドライバーが、お客さまの大事なゲストをお迎えいたします。 英語での予約受付はインターネットにて承っております。 お申込みフォームより必要事項をご記入くださいませ。 折り返し担当者よりご連絡させていただきます。,duckduckgo (Chrome)
英語対応 ハイヤー 東京,jp-jp,5,https://citycab-taxi.com/,東京観光や空港送迎におすすめのハイヤーならcity Cab,東京でおすすめのハイヤー業務を行っています。 空港送迎、東京観光、ゴルフの送迎にもおすすめです。 シティキャブは東京23区を中心に深夜割増なしのサービスです。 外国からの方の英語にも対応します。,duckduckgo (Chrome)
英語対応 ハイヤー 東京,jp-jp,6,https://www.kokusai-hire.tokyo/hire/airport.php,空港送迎サービス(成田空港・羽田空港) | ハイヤー予約は ...,成田空港や羽田空港などの空港からご自宅やホテル、会社までをジャンボハイヤーでご送迎いたします。 役員やVIP送迎のための高級セダン、英語対応可能なドライバーもご用意できます。,duckduckgo (Chrome)
英語対応 ハイヤー 東京,jp-jp,7,https://driventokyo.com/ja/services/,東京のハイヤーサービス|多言語対応・法人対応|Driven,東京のハイヤーサービス：時間制、法人・視察団、複数日のオーダーメイドまで。 認可ドライバーが英語など多言語で対応し、ご到着前に内容を確認。 訪日ゲスト・国内B2Bに対応します。,duckduckgo (Chrome)
英語対応 ハイヤー 東京,jp-jp,8,https://driventokyo.com/ja/airport-transfer/,東京の空港送迎ハイヤー|羽田・成田 多言語対応|Driven,東京の羽田（HND）・成田（NRT）空港送迎ハイヤー。 認可ドライバーがフライト追跡とお名前のお出迎えで対応し、料金は事前確定。 英語など多言語に対応し、ご到着前に言語を確認します。,duckduckgo (Chrome)
英語対応 ハイヤー 東京,jp-jp,9,https://www.tokyomk.jp/airport,空港送迎 | 東京エムケイ株式会社,全車両に無料Wi-Fi・モニターを完備 ※お水のサービスはハイヤーのみ 目的地まで 安心のご送迎 英語対応ドライバーが、海外からのVIPゲストや 外国人観光客のサポートも承ります。 対応言語：英語・中国語・韓国語 （詳しくはご予約時にご相談ください）,duckduckgo (Chrome)
英語対応 ハイヤー 東京,jp-jp,10,https://24limousine.com/,東京の空港送迎専門ハイヤー「24リムジン」,スポーツ、イベント 展示会、国際会議、スポーツ・音楽イベント等の会場移動に。 個人はもちろん、グループでのご利用も可能。 ご乗車人数に合わせて必要台数をご用意するほか、スケジュールが読めないイベント後の迎車にも対応します。,duckduckgo (Chrome)
外国人 送迎 ハイヤー,jp-jp,1,https://www.airport-taxi.tokyo/jp,エアポートタクシー|空港送迎ハイヤー手配サービス,アルファードなどの快適な大型車で空港から目的地までの個別送迎手配を提供します。 当日予約、24時間オンライン予約が可能で、多言語に対応した電話でのサポートもございます。,duckduckgo (Chrome)
外国人 送迎 ハイヤー,jp-jp,2,https://www.kokusai-hire.tokyo/hire/airport.php,空港送迎サービス(成田空港・羽田空港) | ハイヤー予約は ...,成田空港や羽田空港などの空港からご自宅やホテル、会社までをジャンボハイヤーでご送迎いたします。 役員やVIP送迎のための高級セダン、英語対応可能なドライバーもご用意できます。,duckduckgo (Chrome)
外国人 送迎 ハイヤー,jp-jp,3,https://www.kokusai-hire.tokyo/,国際ハイヤー株式会社 | 東京のハイヤー会社・予約・役員車 ...,創業1920年ハイヤー業界最大手の国際ハイヤー。役員車や社用車、ショーファーサービス、役員の通勤、羽田空港や成田空港への送迎、ゴルフ送迎。ドライバー派遣（委託・運行管理請負）をご検討の方は国際ハイヤーへ。,duckduckgo (Chrome)
外国人 送迎 ハイヤー,jp-jp,4,https://vip-hire.com/,【ハイヤー】観光・送迎等のご利用・ご予約案内|平成 ...,平成エンタープライズがご提供いたします「ハイヤーサービス」とは、お客様一人一人の大切な移動時間をハイグレードの車両にて、ドライバーが目的地まで安全運行で快適な心地よい空間とおもてなしをご提供いたします。,duckduckgo (Chrome)
外国人 送迎 ハイヤー,jp-jp,5,http://hiremitsumori.com/,東京ハイヤークラブ | ハイヤーの予約を一括見積もり比較で ...,ハイヤーの予約、見積もり依頼、比較なら東京ハイヤークラブ。 日本全国60社以上のハイヤー会社よりお客様に最適なハイヤー料金を提案致します。 空港送迎、役員送迎、要人送迎どんな要望でも低価格、高品質のハイヤー会社を手配致します。,duckduckgo (Chrome)
外国人 送迎 ハイヤー,jp-jp,6,https://www.outech.co.jp/,【東京・近郊】高級ハイヤー|空港送迎・貸切チャーター ...,羽田・成田空港送迎、ビジネス視察、観光ツアーまで、英語対応ドライバーが快適で安心の送迎をご提供します。,duckduckgo (Chrome)
外国人 送迎 ハイヤー,jp-jp,7,https://24limousine.com/,東京の空港送迎専門ハイヤー「24リムジン」,お客様の快適さを第一に考えた弊社のサービスは、空港送迎サービスにとどまらず、都内のロードショーや観光、VIP来日時の車両手配等、幅広くお客様のご要望にお応えしております。,duckduckgo (Chrome)
外国人 送迎 ハイヤー,jp-jp,8,https://nash-japan-limo.jp/,あなたの移動が最上級の体験に変わる Nashのハイヤーリムジン ...,送迎サービスのプロフェッショナルが、安全・安心・快適な運行と、皆様に必ずご満足頂けるホスピタリティを提供致します。 英語対応が可能なドライバーも在籍しておりますので、ご希望の際にはお気軽にお問い合わせください。,duckduckgo (Chrome)
外国人 送迎 ハイヤー,jp-jp,9,https://www.tokyomk.jp/airport,空港送迎 | 東京エムケイ株式会社,ハイヤー・タクシーによる快適で安心な空港アクセスを提供します。,duckduckgo (Chrome)
外国人 送迎 ハイヤー,jp-jp,10,https://tokyo-chauffeur-service.jp/,東京ハイヤーサービス | 空港送迎・専属ドライバー付き高級車 ...,成田・羽田空港送迎から都内移動、観光まで。 レクサスやアルファードによる専属ドライバー付き高級ハイヤーサービス。 英語対応ドライバー常駐、完全予約制。,duckduckgo (Chrome)
日本 包车 司机 英语,cn-zh,1,https://fanyi.taobao.com/en/baocheanribaoche_11983/detail-017535509e3f0eb2cf5fa8a8185eeff2.html,日本包车怎么翻译_日本包车英文用法_日本包车英语例句 ...,"With a driver, our Japan tourist car rental was stress-free and convenient.有司机的日本包车让我们旅途轻松又方便。 This custom Japan transfer service followed our exact travel sche",duckduckgo (Chrome)
日本 包车 司机 英语,cn-zh,2,https://fanyi.taobao.com/en/baocheanribaoche_11983/detail-c23e52c014fc21eda83b97c351499f66.html,东京包车怎么翻译_东京包车英文用法_东京包车英语例句 ...,This private car service in Tokyo includes English support.这项东京包车服务包含英文沟通支持。 We explored Mount Fuji with a full-day charter bus.我们租了一整天的包车去富士山游玩。 The vehicle is,duckduckgo (Chrome)
日本 包车 司机 英语,cn-zh,3,https://www.klook.com/zh-CN/activity/177876-tokyo-private-car-charter-customizable-ltinerary-englishi-driver/,东京包车服务|客制化行程|英语司机 - Klook,"Mar 24, 2026中英司机： 配备中文或英文司机，沟通无障碍，服务更贴心。 语言沟通：中文司机也可通过翻译工具，实现与不同语言乘客的基本交流，畅享高性价比服务。 行程自定义： 您的行程您做主! 可完全自由规划想去的地点，司机提供协助。",duckduckgo (Chrome)
日本 包车 司机 英语,cn-zh,4,https://easytraveljapan.com/cn,日本包车与司机服务(含英文支持) - Easy Travel Japan,在日本租赁带司机的私人车辆。 Easy Travel Japan 在东京、大阪、京都、北海道和冲绳提供含英文支持的包车及私人旅游服务，让您的日本之旅安全、舒适又灵活。,duckduckgo (Chrome)
日本 包车 司机 英语,cn-zh,5,https://kuku.baidu.com/landing/tscp_doc/da221bb68c36c68ff825550464d078f3,包车英语怎么说 - 库库,"1 day ago""包车""在英语中通常可以翻译为""charter a vehicle""或者""rent a car with a driver""。 这两个表达都涵盖了雇佣一辆车及其司机为特定目的服务的含义。 * ""Charter a vehicle""更侧重于描述租赁整辆车，包括司机，通常用于团体旅行或特殊活动。 * ""R",duckduckgo (Chrome)
日本 包车 司机 英语,cn-zh,6,https://www.klook.com/zh-CN/activity/15635-tokyo-private-car-charter-tokyocity-yokohama-kamakura-chinesespeakingdriver/,东京包车 - 东京/横滨/镰仓 - 中文司机 - Klook,在东京23区、横滨和镰仓自由出行，或轻松选择推荐路线。 所有车辆均为合法绿牌车，完全合规并已投保。 可根据您的团队人数选择车辆：1-6人 / 1-9人 / 1-13人，所有车辆均舒适且保养良好。 无需担心额外费用，高速公路通行费、城际费、桥梁和隧道费以及第一个儿童座椅均已包含在价格中。 您可以定制自己的路线或选择热门观,duckduckgo (Chrome)
日本 包车 司机 英语,cn-zh,7,https://zh.hinative.com/questions/19273984,"""""包含司机的租车服务"" 中国常用""包车""一词,请问"" 这个在 ...","「ハイヤー」是跟出租车 (タクシー)一样的小轿车,但「ハイヤー」不能「タクシー」那样在路旁招手停车,只能打电话 (现在可能通过网络也可以吧)专门叫。 车子也比「タクシー」好,司机的服务态度也比「タクシー」好很多,上车的时候,司机会特地下车给你开门的。 「チャーター」可以包小型的,也可以包大型的 (旅游大巴等)。 「チャ",duckduckgo (Chrome)
日本 包车 司机 英语,cn-zh,8,https://www.funliday.com/posts/japan-chartered-car/,"2026日本包車推薦7間|費用車型比較,中文司機帶你暢遊 ...","Sep 14, 2026想來場不用動腦、Chill到極點的日本旅遊，就讓Funliday推薦你7間日本包車旅遊服務店家，比較他們的價格、服務內容、提供路線，無論你計畫前往東京、大阪、北海道、名古屋、九州福岡、沖繩，都能幫助你找到最適合自己的日本包車服務。",duckduckgo (Chrome)
日本 包车 司机 英语,cn-zh,9,https://suntaxijp.com/ch/,日本私人机场接送与包车服务 | Sun Taxi JP,提供日本私人机场接送与包车服务，支持英语、中文沟通，价格透明，专业司机团队。 通过 Sun Taxi JP 在线轻松预订。,duckduckgo (Chrome)
日本 包车 司机 英语,cn-zh,10,https://www.daxiangbaoche.com/japan-car-service/,"日本包车商务,日本旅游包车,东京,富士山,大阪,福冈包车",日本带司机包车旅游、商务、可提供全日本包车服务。 无论您需要在东京、大阪、京都、福冈等城市内包车，还是跨城市长途接送，我们都能为您定制灵活的行程。 我们提供准时周到的服务，全程专业中文司机服务。,duckduckgo (Chrome)
black limousine tokyo,jp-jp,1,https://www.blacklane.com/ja/countries/japan/tokyo/limousine-service/,東京でのリムジンサービスのオンライン予約 | Blacklane,東京でのBlacklaneのリムジンサービスは、プロフェッショナルな運転手付きのハイクオリティなブラックカーサービスにより、スタイリッシュで快適な移動をご提供します。 いますぐ予約しましょう!,duckduckgo (Chrome)
black limousine tokyo,jp-jp,2,https://www.blacklane.com/en/countries/japan/tokyo/limousine-service/,Tokyo Limousine Service With Online Booking | Blacklane,Tokyo's local limousine service is here to offer style and comfort in high-quality black cars with professional chauffeurs. Book your journey now!,duckduckgo (Chrome)
black limousine tokyo,jp-jp,3,https://www.savoya.com/service-areas/tokyo-japan,"Black Car Service in Tokyo, Japan | Savoya","At Savoya, we deliver exceptional black car service across multiple locations, tailored for executives, VIPs, and discerning travelers. Our chauffeurs arrive ea",duckduckgo (Chrome)
black limousine tokyo,jp-jp,4,https://kurotokyo.com/tokyo-black-car-service,Tokyo Black Car Service | Premium Executive Transportation,"Book Tokyo black car service for executives, VIP guests, luxury hotels, restaurants, airports, stations, private residences and premium point-to-point travel.",duckduckgo (Chrome)
black limousine tokyo,jp-jp,5,https://www.enroutz.com/tokyo-black-car-service-luxury-airport-corporate-chauffeur-services,Tokyo Black Car Service,"Sep 1, 2026Book a polished Tokyo black car service built for executives, families, VIP guests, delegations, and event travelers who want smooth arrivals, discre",duckduckgo (Chrome)
black limousine tokyo,jp-jp,6,https://kurotokyo.com/,Private Car & Chauffeur Service in Tokyo | KURO TOKYO,"Tokyo corporate car service Executive airport pickup, roadshows, meeting transfers and visiting team transportation. Tokyo private tours Private chauffeured tra",duckduckgo (Chrome)
black limousine tokyo,jp-jp,7,https://www.chauffeur-services.com/destinations/japan/tokyo/black-car-service/,"Black Car Service in Tokyo, Japan","Black Car Service in Tokyo, Japan: prestige sedans, discreet professional drivers and a premium experience at fixed prices known in advance. Book your ride with",duckduckgo (Chrome)
black limousine tokyo,jp-jp,8,https://www.blaakline.com/countries/japan,"Japan Limo, Black Car & Chauffeur | BlaakLine","Sep 1, 2026BlaakLine provides limo, limousine, black car service, and private chauffeur coverage in Japan through its worldwide limo service network — including",duckduckgo (Chrome)
black limousine tokyo,jp-jp,9,https://vipride.com/locations/tokyo-black-car-service/,Tokyo Black Car Service - VIP Ride,"Mar 10, 2026VIPRide provides executive and luxury black car service in Tokyo, trusted by executive assistants, pro athlete agents, and entertainment publicists ",duckduckgo (Chrome)
black limousine tokyo,jp-jp,10,https://www.wwlimo.com/ja/%E6%9D%B1%E4%BA%AC%E3%83%AA%E3%83%A0%E3%82%B8%E3%83%B3%E3%82%B5%E3%83%BC%E3%83%93%E3%82%B9/,Tokyo Limoのブラックカーサービス、時間制エグゼクティブ送迎 ...,"Jan 14, 2026パーティーバス、専属運転手、空港カーサービス、エグゼクティブ送迎、ストレッチリムジンレンタル、SUVリムジンサービス、メルセデス・スプリンターを含むTokyo リムジンサービスを今すぐご予約ください。",duckduckgo (Chrome)
日本 包车 公司 东京,cn-zh,1,https://www.funliday.com/posts/japan-chartered-car/,"2026日本包車推薦7間|費用車型比較,中文司機帶你暢遊 ...","Sep 14, 2026想來場不用動腦、Chill到極點的日本旅遊，就讓Funliday推薦你7間日本包車旅遊服務店家，比較他們的價格、服務內容、提供路線，無論你計畫前往東京、大阪、北海道、名古屋、九州福岡、沖繩，都能幫助你找到最適合自己的日本包車服務。",duckduckgo (Chrome)
日本 包车 公司 东京,cn-zh,2,https://www.daxiangbaoche.com/tokyo-car-service/,东京包车带司机|机场接送・富士山箱根一日游,东京市区、羽田机场、成田机场、富士山、箱根、镰仓、横滨、日光、轻井泽等路线均可安排。 适合带老人、小孩、行李较多、不想换乘地铁或希望一天内游览多个景点的客人。 一般会在出发前一天提供司机、车辆及车牌信息，方便客人提前联系。,duckduckgo (Chrome)
日本 包车 公司 东京,cn-zh,3,https://www.klook.com/zh-CN/activity/15635-tokyo-private-car-charter-tokyocity-yokohama-kamakura-chinesespeakingdriver/,东京包车 - 东京/横滨/镰仓 - 中文司机 - Klook,在东京23区、横滨和镰仓自由出行，或轻松选择推荐路线。 所有车辆均为合法绿牌车，完全合规并已投保。 可根据您的团队人数选择车辆：1-6人 / 1-9人 / 1-13人，所有车辆均舒适且保养良好。,duckduckgo (Chrome)
日本 包车 公司 东京,cn-zh,4,https://www.funliday.com/cn/charter-service,日本合法包车|东京包车・大阪包车・京都包车・冲绳包车 ...,Funliday 日本合法包车推荐首选! 提供东京包车、大阪包车、京都包车、冲绳包车一日游，成田机场接送、关西机场接送、那霸机场接送。 全程中文司机、透明价格、24H LINE 即时客服。,duckduckgo (Chrome)
日本 包车 公司 东京,cn-zh,5,https://www.daxiangbaoche.com/japan-car-service/,"日本包车商务,日本旅游包车,东京,富士山,大阪,福冈包车",日本带司机包车旅游、商务、可提供全日本包车服务。 无论您需要在东京、大阪、京都、福冈等城市内包车，还是跨城市长途接送，我们都能为您定制灵活的行程。 我们提供准时周到的服务，全程专业中文司机服务。,duckduckgo (Chrome)
日本 包车 公司 东京,cn-zh,6,https://www.tokyotransit.co.jp/cn/index.html,東京交通 | 商务・旅游专属包车,"Jan 26, 2026东京交通扎根东京，专注为海内外旅客及商务人士提供高端包车、机场接送、定制观光等一站式交通解决方案。 凭借多年行业经验与完善服务体系，我们致力成为连接您与东京的""移动桥梁""，以精准、安全、贴心的服务，让每一段旅程从容启程。",duckduckgo (Chrome)
日本 包车 公司 东京,cn-zh,7,https://www.tokyodd.com/zh/,高端商务车|东京包车服务|大阪包车服务|中文司机|机场 ...,"Jul 16, 2026Tokyo DD 提供东京及大阪周边地区中文司机包车服务，涵盖机场接送、商务用车、旅游定制路线。 正规日本车辆，价格透明，沟通无障碍。",duckduckgo (Chrome)
日本 包车 公司 东京,cn-zh,8,https://jtsjp.com/,包租jts (有限公司)社巴士 | 支持美好旅行的服务,JTS公司致力于提供周到的服务，让顾客从海外来日本时可以安心地乘坐巴士交通。 我们特别注重根据您的需求选择车辆和调整时间表。 包车座位宽敞，环境干净，让您舒适地长途旅行。 此外，我们经验丰富的司机将带您安全到达目的地，并确保您在旅途中放松身心。 为了确保旅途顺利舒适，司机们时刻关注最新的路况信息，努力准时到达。 我们在,duckduckgo (Chrome)
日本 包车 公司 东京,cn-zh,9,https://jp.evvn.com/,日本全境包车旅游|专业定制包车·东京京都大阪北海道·中文 ...,日本全境包车旅游一站式服务，提供东京、京都、大阪、北海道、冲绳等全日本包车定制线路。 专业司机导游、中文陪同、豪华车型，行程灵活自由。 日本包车价格透明，安全可靠。 预订热线：17278082007,duckduckgo (Chrome)
日本 包车 公司 东京,cn-zh,10,https://gtc-jp-travel.com/,GTC株式会社|日本包车与机场接送,"GTC Co., Ltd. provides private tours, airport transfers and business transportation across Tokyo and surrounding areas. With our own fleet, clear itineraries an",duckduckgo (Chrome)
东京 华人 包车,cn-zh,1,https://www.klook.com/zh-CN/activity/15635-tokyo-private-car-charter-tokyocity-yokohama-kamakura-chinesespeakingdriver/,东京包车 - 东京/横滨/镰仓 - 中文司机 - Klook,在东京23区、横滨和镰仓自由出行，或轻松选择推荐路线。 所有车辆均为合法绿牌车，完全合规并已投保。 可根据您的团队人数选择车辆：1-6人 / 1-9人 / 1-13人，所有车辆均舒适且保养良好。,duckduckgo (Chrome)
东京 华人 包车,cn-zh,2,https://www.funliday.com/cn/charter-service,日本合法包车|东京包车・大阪包车・京都包车・冲绳包车 ...,Funliday 日本合法包车推荐首选! 提供东京包车、大阪包车、京都包车、冲绳包车一日游，成田机场接送、关西机场接送、那霸机场接送。 全程中文司机、透明价格、24H LINE 即时客服。,duckduckgo (Chrome)
东京 华人 包车,cn-zh,3,https://www.daxiangbaoche.com/tokyo-car-service/,东京包车带司机|机场接送・富士山箱根一日游,大象包车提供东京包车带司机服务，可安排羽田机场接送、成田机场接送、东京市区包车、商务用车、购物接送、亲子出行、长者同行、东京周边一日游及多日包车服务。 我们可从东京23区酒店、民宿、公寓、车站、机场、展馆、公司地址或指定地点出发，行程可根据客人的时间、人数、行李数量和想去的景点灵活安排。 常见路线包括东京市区一日游、富,duckduckgo (Chrome)
东京 华人 包车,cn-zh,4,https://www.klook.com/zh-CN/activity/87199-tokyo-private-one-day-tour-kyoto/,东京私人包车 │ 富士山・河口湖・忍野八海的線上預約 - Klook,"Mar 20, 2026來自哈爾濱市的司機人很細心，話頭醒尾，會主動談及有關我選擇的景點要注意的地方，也能及時更換較適合的景點，旅途中有問必答，雖為司機，但都可以充當1/4導遊也可以。 整个行程非常流畅，服务人员细心安排，带领我们前往购买箱根芦之湖海盗船船票，抵达港口后顺利搭乘缆车游览大涌谷，一路顺畅接驳至御殿场奥特莱",duckduckgo (Chrome)
东京 华人 包车,cn-zh,5,https://www.tokyodd.com/zh/,高端商务车|东京包车服务|大阪包车服务|中文司机|机场 ...,"Jul 16, 2026Tokyo DD 提供东京及大阪周边地区中文司机包车服务，涵盖机场接送、商务用车、旅游定制路线。 正规日本车辆，价格透明，沟通无障碍。",duckduckgo (Chrome)
东京 华人 包车,cn-zh,6,https://www.japantripcore.com/,江戸国際|日本包车・接送机・定制旅行服务(在日华人旅行社 ...,江戸国際专注日本本地旅游服务，提供日本包车、机场接送、一日游、大团拼团和私人定制旅行服务。 自有车辆与司机团队，覆盖东京、大阪、京都、富士山、箱根、镰仓、日光等热门目的地，为游客提供安心、灵活、舒适的日本旅行体验。,duckduckgo (Chrome)
东京 华人 包车,cn-zh,7,https://www.funliday.com/posts/japan-chartered-car/,"2026日本包車推薦7間|費用車型比較,中文司機帶你暢遊 ...","Sep 14, 2026可以選擇現有、由旅行社和包車廠商安排好的包車行程，也可以和包車廠商、司機、導遊討論自己和同行夥伴想去的景點，根據自身需求與旅遊期間的路況，由廠商協助設計調整行程，確保旅途中的一切符合自己的需求與想像，打造更美好的旅遊體驗。 雖然日本的很多路標、地圖指示都有漢字，但處於陌生的國度，即使開著Goog",duckduckgo (Chrome)
东京 华人 包车,cn-zh,8,https://www.kkday.com/zh-cn/product/269319,东京私人定制包车|富士山、镰仓、箱根一日游 - KKday,都外包车行程路线距离需要在300公里以内，超过300公里需要收取超公里费用，每超出一公里收取500日元，支付给司机现金。 多日连包住在东京都以外需要支付给司机过夜费15000日元。 出发时间需在日本时间早上6点到12点之间，如果超出此时间需额外支付司机10000日圆加班费。 行李较多或者较大时请预定合适车型，因为没有选,duckduckgo (Chrome)
东京 华人 包车,cn-zh,9,https://www.japantripcore.com/cars/Tokyo/,东京市内私享包车一日游|中日英司机可选|自由行深度游 ...,提供东京市内高品质私享包车一日游服务，支持中文、英文、日文司机选择，沟通无障碍。 全程专车接送，无需换乘，轻松畅游浅草、银座、涩谷、新宿等热门区域。 行程可自由定制，适合家庭出行、商务接待及各类国际游客。,duckduckgo (Chrome)
东京 华人 包车,cn-zh,10,https://www.higuides.com/,Hi Guides | 全球华人向导包车服务平台 | Hi Guides,Hi Guides 覆盖全球90+国家，10万+华人向导为您提供接送机、包车游、定制行程等服务。立即预约您的专属旅程。,duckduckgo (Chrome)
ドライバー 紹介 会社 ハイヤー,jp-jp,1,https://nikko-yokohama.com/media/driver-dispatch-company-comparison/,ドライバー派遣の会社一覧をご紹介!おすすめの業者や選び方 ...,"Sep 11, 2025実際にドライバー派遣サービスを活用する際には、自社の希望に沿ったサービスが利用できる事業者を選ぶ必要があります。 本記事では、おすすめのドライバー派遣サービスを一覧で紹介します。",duckduckgo (Chrome)
ドライバー 紹介 会社 ハイヤー,jp-jp,2,https://www.nihon-kotsu-hire.jp/drivers/,ドライバー派遣トップ|ハイヤー業界シェアNo1の日本交通,日本交通ハイヤーのドライバー派遣（運行管理請負）サービスは、ハイヤーサービスと違い、お客様の車両の運転・管理や事故発生時の対応をトータルで請け負います。 自家用運転手に比べて、コスト・ドライバーの品質など様々なメリットがあります。,duckduckgo (Chrome)
ドライバー 紹介 会社 ハイヤー,jp-jp,3,https://fiit.jp/jinji-fit/driver-recruitment-agency/,ドライバー人材紹介会社の選び方とおすすめ8選【2026年版 ...,"Aug 7, 2026本記事は、ドライバー人材紹介サービス「ドライバーフィット」を運営する株式会社FiiTが作成しています。 掲載順はおすすめ順位ではありません。 各社の公式サイトで確認できた情報を、サービス形態・対応職種・得意領域で整理しました。",duckduckgo (Chrome)
ドライバー 紹介 会社 ハイヤー,jp-jp,4,https://colorful-career.jp/media/contents/driver-dispatch-company/,ドライバー向け派遣会社おすすめ9選|選び方完全ガイド,"Nov 6, 2025未経験からドライバーに挑戦するなら、研修制度や資格取得支援が充実している会社を選択肢に入れてみましょう。",duckduckgo (Chrome)
ドライバー 紹介 会社 ハイヤー,jp-jp,5,https://x-work.jp/journal/truck/3892,ドライバー人材会社5選|口コミと評判から優れたサービスの ...,人材紹介のメリットや求人サイトなどの転職サービスとの違い、良い人材紹介会社の選び方を詳しく説明していきます。 また紹介した選び方を元におススメのドライバー人材紹介サイトを5つ紹介します。,duckduckgo (Chrome)
ドライバー 紹介 会社 ハイヤー,jp-jp,6,https://nihon-kotsu-hire.jp/,日本交通ハイヤートップ|ハイヤー業界シェアNo1の日本交通,日本交通のハイヤーは、東京都内を中心に1日だけのスポット使用から役員車・社用車の年間契約、またドライバーだけの派遣まで、幅広い用途にご利用いただけます。 営業所は24時間相談受付、当日予約も可能です。,duckduckgo (Chrome)
ドライバー 紹介 会社 ハイヤー,jp-jp,7,https://www.kokusai-hire.tokyo/,国際ハイヤー株式会社 | 東京のハイヤー会社・予約・役員車 ...,創業1920年ハイヤー業界最大手の国際ハイヤー。役員車や社用車、ショーファーサービス、役員の通勤、羽田空港や成田空港への送迎、ゴルフ送迎。ドライバー派遣（委託・運行管理請負）をご検討の方は国際ハイヤーへ。,duckduckgo (Chrome)
ドライバー 紹介 会社 ハイヤー,jp-jp,8,https://colorful-career.jp/media/contents/hire-driver-dispatch/,ハイヤー・ドライバー派遣とは?|違いや特徴、おすすめの ...,"Dec 23, 2025ハイヤーとドライバー派遣は、どちらもドライバーとして活躍できる仕事ですが、サービス内容や働き方には明確な違いがあります。 本記事では、 両者の違い から 失敗しない会社選びのポイント 、 おすすめの会社 まで徹底解説します。",duckduckgo (Chrome)
ドライバー 紹介 会社 ハイヤー,jp-jp,9,https://wk-japan.com/jp/company-profile-2/,会社概要・ドライバー紹介 - jp,"Oct 16, 2025英語、中国語、韓国語をはじめとする多言語に対応可能な乗務員が、海外からお越しのお客様にも言葉の壁を感じさせない、スムーズで快適な時間をお約束します。 ビジネスでの大切なご送迎から、プライベートでのご旅行まで、お客様のどのようなご要望にも柔軟に対応いたします。 お客様の「移動」が、私たちとの「出会",duckduckgo (Chrome)
ドライバー 紹介 会社 ハイヤー,jp-jp,10,https://masa-ka.net/pascase/driver-hikaku/,バス・タクシードライバーの支援に特化した人材紹介会社を9社 ...,"Aug 17, 2026会社さえしっかり選べば、きちんとした労働条件でやりがいを持って働けるドライバーの仕事。 この記事ではそんな求人探しに役立つ、ドライバー転職専門のおすすめ人材紹介会社をご紹介しています。",duckduckgo (Chrome)
タクシー 乗務員 転職 エージェント,jp-jp,1,https://tenshoku.asiro.co.jp/agent-use/181854/,タクシードライバー向け転職エージェントおすすめ16選|選び方 ...,5 days agoタクシードライバー向けのおすすめ転職エージェント16選を紹介。 稼げる仕組みや業界の最新事情、失敗しない選び方まで解説し、好条件の求人でタクシー転職を成功させるヒントがわかります。,duckduckgo (Chrome)
タクシー 乗務員 転職 エージェント,jp-jp,2,https://crexgroup.com/ja/tenshoku/job-sites/taxi-job-agent-comparison/,【2025年最新】タクシー転職エージェントおすすめ12選 徹底比較,"Nov 28, 2025この記事では、2025年の最新情報に基づき、数あるタクシー転職エージェントの中から 特におすすめの12社を厳選し、それぞれの特徴やサポート内容を徹底的に比較・解説 します。",duckduckgo (Chrome)
タクシー 乗務員 転職 エージェント,jp-jp,3,https://p-chan.jp/taxi/column/career-change-agent,【2026年10月最新】タクシードライバーにおすすめの転職 ...,2 days agoこの記事では、タクシードライバーへの転職におすすめの転職エージェントとその選び方、実際に稼ぐコツなどを解説します。 これからタクシードライバーへの転職を考えている人は、ぜひ参考にしてみてください。,duckduckgo (Chrome)
タクシー 乗務員 転職 エージェント,jp-jp,4,https://colorfulcorp.co.jp/media/contents/taxi-job-change-agent/,タクシー転職エージェント8選|特徴や選定ポイントを紹介,タクシー特化の転職エージェントは、求職者が専任コンサルタントから希望に合った企業を紹介され、応募書類の作成や面接対策などのサポートを受けながら転職活動を進めるサービスです。 業種に特化したエージェントもあり、タクシードライバーを目指す求職者の中には、ドライバー採用に特化したエージェントを利用するケースも多く見られます。,duckduckgo (Chrome)
タクシー 乗務員 転職 エージェント,jp-jp,5,https://takusuke-next.net/,タク助NEXT|タクシー転職エージェント,300社のタクシー企業様とお取引させていただいております。 タクシー業界を熟知した転職エージェントが在籍しており、求職者の方のご希望に沿った条件で採用企業とマッチングいたします。,duckduckgo (Chrome)
タクシー 乗務員 転職 エージェント,jp-jp,6,https://taxi-osusume.net/taxi-agent-comparison-2026/,タクシー転職エージェント比較【2026年版】失敗しない選び方,"Jul 19, 2026タクシー転職エージェントは種類が多く、 対応エリア・求人数・入社祝い金の有無・サポート内容 がサービスごとに大きく異なります。 間違った選択をすると、希望に合わない職場に入社してしまうリスクもあります。",duckduckgo (Chrome)
タクシー 乗務員 転職 エージェント,jp-jp,7,https://colorful-career.jp/media/contents/7recommended-taxi-job-change-agents-2/,タクシー転職エージェントおすすめ7選|相談先の選び方も解説 ...,本記事では、タクシー転職の相談先の選び方から、業界に特化したおすすめ転職エージェント7選・メリット・デメリット・活用方法まで、まとめて解説します。 タクシー転職を検討している方は,duckduckgo (Chrome)
タクシー 乗務員 転職 エージェント,jp-jp,8,https://career.medi-site.co.jp/media/taxi-driver-job-change-agent/,タクシードライバー転職エージェントおすすめ7選|業界別の ...,"Apr 30, 2026タクシー業界に特化したサービスは新規参入者の二種免許取得サポートに強く、大手総合型はタクシー経験を活かした異業種転職に強みがあります。 本記事では両方の方向性を踏まえて、合計7社のエージェントを比較紹介します。",duckduckgo (Chrome)
タクシー 乗務員 転職 エージェント,jp-jp,9,https://crexgroup.com/ja/tenshoku/job-sites/taxi-jjob-change-agents-comparison/,【2025年最新】タクシー転職サイト・エージェントおすすめ15選 ...,"Nov 28, 2025自分に合った優良企業と出会うためには、 タクシー業界に特化した転職サイトやエージェントを賢く活用することが成功への近道 です。 これらのサービスは、業界の裏事情に精通したプロフェッショナルが、あなたの希望やスキルに合わせた求人を紹介してくれるだけでなく、面接対策や入社後のフォローまで、手厚いサポ",duckduckgo (Chrome)
タクシー 乗務員 転職 エージェント,jp-jp,10,https://job.or.jp/taxi-agent/,タクシードライバーにおすすめ転職エージェント14選 | 一般社団 ...,ドライバーズワークはタクシードライバーに特化した転職エージェント。 求人の検索軸は「二種免許取得支援あり」「地理試験なし」などタクシーならではのこだわりポイントで探せる。,duckduckgo (Chrome)
