keyword,media_12m,max_12m,ultimo_mese_vs_media,serie
ハイヤー ドライバー,0.7,22,-0.2,0 0 3 0 0 0 0 0 0 0 0 0 0 0 0 0 0 0 0 0 0 0 0 0 0 0 0 2 0 0 0 0 0 0 0 0 0 0 2 0 0 0 0 0 0 0 22 6 0 0 0 1 1 0
ハイヤー 求人,0.9,3,0.4,2 0 0 2 0 2 2 0 0 2 3 2 0 0 0 0 2 0 0 0 0 2 0 0 0 0 0 2 0 0 0 0 0 2 0 0 0 2 0 0 3 3 3 0 2 0 0 2 3 0 0 1 1 3
ハイヤー 英語,0.1,2,0.4,2 0 0 0 0 0 0 0 0 0 0 0 0 0 0 0 0 0 0 0 0 0 0 0 0 0 0 0 0 0 0 0 0 0 0 0 0 0 0 0 0 0 0 0 0 0 0 0 0 0 0 1 1 0
英語 運転手,0.7,3,0.0,2 2 0 0 0 2 0 3 3 2 0 0 0 0 0 2 2 0 0 0 0 0 0 0 0 0 0 0 0 2 0 3 3 0 2 0 3 0 0 0 2 0 0 0 0 0 0 2 0 0 0 1 2 0
二種免許,40.4,100,-9.1,44 36 41 44 39 36 41 35 36 42 40 34 31 23 37 39 40 37 42 34 45 42 39 44 41 46 44 44 41 40 36 100 77 50 45 42 44 44 35 38 40 36 35 35 37 31 36 38 41 38 37 33 31 24
二種免許 外国人,0.0,2,0.5,0 0 0 0 0 0 0 0 0 0 0 0 0 0 0 0 0 0 0 0 0 0 0 0 0 0 0 0 0 0 0 0 0 0 0 0 0 0 0 0 0 0 0 0 0 0 0 0 0 0 0 0 2 0
外国人 送迎,0.1,2,0.7,0 0 0 0 0 0 0 0 0 0 0 0 0 0 0 0 0 0 0 0 0 0 0 0 0 0 0 0 0 0 0 0 0 0 0 0 0 0 0 0 0 0 0 0 0 0 0 0 0 0 0 2 1 0
英語 タクシー,79.2,100,-7.7,92 96 91 95 84 95 85 100 81 80 69 70 65 67 67 89 83 100 84 83 82 81 74 78 80 81 80 80 70 86 81 74 94 74 73 67 77 67 65 83 65 75 78 78 76 74 74 100 75 73 84 72 76 54
ドライバー 紹介,2.2,24,1.8,15 0 20 14 0 0 14 0 0 0 0 0 0 0 0 0 0 0 0 0 0 0 0 0 0 0 0 0 0 0 0 0 16 0 0 0 24 0 0 0 0 0 0 0 0 0 0 0 0 0 0 9 7 0
乗務員 兼業,0.0,0,0.0,0 0 0 0 0 0 0 0 0 0 0 0 0 0 0 0 0 0 0 0 0 0 0 0 0 0 0 0 0 0 0 0 0 0 0 0 0 0 0 0 0 0 0 0 0 0 0 0 0 0 0 0 0 0
タクシー 英語 求人,2.0,100,-0.5,0 0 0 0 0 0 0 0 0 0 0 0 0 0 0 0 0 0 0 0 0 0 0 0 0 0 0 0 0 0 0 0 0 0 0 0 0 0 0 0 0 0 0 100 0 0 0 0 0 0 0 6 0 0
多言語 ドライバー,0.9,49,-0.9,0 0 0 0 0 0 0 0 0 0 0 0 0 0 0 0 0 0 0 0 0 0 49 0 0 0 0 0 0 0 0 0 0 0 0 0 0 0 0 0 0 0 0 0 0 0 0 0 0 0 0 0 0 0
日本包车,0.0,0,0.0,0 0 0 0 0 0 0 0 0 0 0 0 0 0 0 0 0 0 0 0 0 0 0 0 0 0 0 0 0 0 0 0 0 0 0 0 0 0 0 0 0 0 0 0 0 0 0 0 0 0 0 0 0 0
日本司机招聘,0.0,0,0.0,0 0 0 0 0 0 0 0 0 0 0 0 0 0 0 0 0 0 0 0 0 0 0 0 0 0 0 0 0 0 0 0 0 0 0 0 0 0 0 0 0 0 0 0 0 0 0 0 0 0 0 0 0 0
日本二种驾照,0.0,0,0.0,0 0 0 0 0 0 0 0 0 0 0 0 0 0 0 0 0 0 0 0 0 0 0 0 0 0 0 0 0 0 0 0 0 0 0 0 0 0 0 0 0 0 0 0 0 0 0 0 0 0 0 0 0 0
东京司机招聘,0.0,0,0.0,0 0 0 0 0 0 0 0 0 0 0 0 0 0 0 0 0 0 0 0 0 0 0 0 0 0 0 0 0 0 0 0 0 0 0 0 0 0 0 0 0 0 0 0 0 0 0 0 0 0 0 0 0 0
english speaking driver japan,0.0,0,0.0,0 0 0 0 0 0 0 0 0 0 0 0 0 0 0 0 0 0 0 0 0 0 0 0 0 0 0 0 0 0 0 0 0 0 0 0 0 0 0 0 0 0 0 0 0 0 0 0 0 0 0 0 0 0
chauffeur tokyo,0.0,0,0.0,0 0 0 0 0 0 0 0 0 0 0 0 0 0 0 0 0 0 0 0 0 0 0 0 0 0 0 0 0 0 0 0 0 0 0 0 0 0 0 0 0 0 0 0 0 0 0 0 0 0 0 0 0 0
driver jobs japan,18.6,100,-18.6,0 0 0 0 0 0 59 0 0 0 0 93 70 0 0 45 52 100 66 77 67 0 53 0 0 0 0 0 0 58 0 63 0 0 49 0 84 0 0 66 0 0 0 0 0 0 0 0 0 0 0 0 0 0
hire driver japan,0.0,0,0.0,0 0 0 0 0 0 0 0 0 0 0 0 0 0 0 0 0 0 0 0 0 0 0 0 0 0 0 0 0 0 0 0 0 0 0 0 0 0 0 0 0 0 0 0 0 0 0 0 0 0 0 0 0 0
